Wavelength,A,B,C,D,E,F,G,H,I,J,K,L
370,0.941903114,2.488033295,0.154019088,0.332727134,1.464861512,1.098439932,4.658571243,2.350980997,1.370711803,1.271316171,4.427217484,4.686392307
371.0700073,1.092356324,2.428714991,0.167679563,0.227059111,1.382074356,0.820793033,4.350404739,2.547353745,1.122163415,1.119161844,4.04761076,4.831320286
372,0.987216294,2.37818408,0.178890914,0.256513983,1.168425918,1.067699432,4.473372459,2.057666779,1.32340467,1.117320776,4.040176868,4.131922245
373.0700073,1.026119709,2.33450079,0.05698514,0.272218585,1.273784637,1.198430657,4.050340652,2.297893286,1.303854465,0.980406046,4.387984276,4.4479599
374,0.861285627,2.230868816,0.038418904,0.212573543,1.216794729,1.039396763,3.900617123,2.802807093,1.190993786,0.93213743,4.098875523,4.364283085
375.0700073,1.000162363,2.070699215,0.167572513,0.057902988,1.347139359,0.837060988,4.496836185,2.636779785,1.211592913,1.072248578,3.85557127,4.287072182
376,1.073984504,2.031084538,0.057861477,0.168999061,1.333152413,0.930627883,4.282681465,2.569679499,1.173802972,0.918996692,4.116021633,4.468892097
377.0700073,0.924525261,2.067587137,0.147729695,0.29077068,1.38859725,1.029340982,4.15836525,2.786918879,1.146992564,0.882359803,4.02100563,4.251498699
378,1.073933125,1.871028423,-0.077944152,0.287657976,1.250642657,0.834152758,4.345908642,3.13794136,1.24703598,0.946899653,4.180045128,3.95352149
379.0700073,0.978079081,2.099838734,0.33665055,0.138396815,1.066439986,0.768707573,4.193139076,3.231229305,1.175643682,0.880255222,3.85411334,4.179567337
380,1.125769138,2.306387901,0.10480722,0.122384518,1.266775489,0.98993057,4.226138592,3.32204318,1.375405312,0.869475067,4.047987938,3.92304945
381.0700073,0.993413985,2.127725363,-0.064237423,0.16569671,1.062613487,0.680082679,3.688363791,3.351340294,1.005224109,1.030865431,3.670622826,3.938804388
382,1.080839634,2.377636433,0.029328158,0.2116483,1.178548932,0.643411219,3.679965258,3.861161709,1.212513447,0.87326926,3.53416276,3.57668066
383.0700073,1.011164784,2.06994319,0.168148652,0.057886314,1.116100311,0.785055876,3.917495012,4.180963039,1.284517407,0.79710716,3.406940937,3.790670872
384,1.040937543,2.060265779,0.390085489,0.257118791,1.097091198,0.835339487,3.660520315,4.327942848,1.058698416,0.745429695,3.542656422,3.610057831
385.0700073,0.952775538,2.184499741,0.351197362,0.322954476,0.941439986,0.795774758,3.824623346,4.97641468,0.845527589,0.761053622,3.246163845,3.347799778
386,1.069772124,2.113809109,0.135684028,0.01299278,1.077373862,0.997472763,3.444308043,4.96224308,1.048107862,0.76563412,3.501750708,3.57144475
387.0700073,1.152369618,2.13800025,0.059541907,0.273902744,0.941565931,0.651679158,3.418615341,5.690559387,1.085700035,0.849820256,3.579844236,3.582971334
388,1.193050265,1.999800086,0.092607751,0.271734417,0.786098242,0.761269033,3.733978271,5.81962347,0.889335752,0.807839334,3.425157309,3.609736681
389.0700073,1.195437074,2.316712856,0.106825545,0.303587496,1.153805137,0.754722834,3.427191019,6.546496868,0.788873732,0.915822327,3.515367985,3.488857985
390,1.212620616,2.11243844,0.18256475,0.242635027,1.231546998,0.515378654,3.325704336,7.3785429,0.860222518,0.944503427,3.168643236,3.13524437
391.0599976,0.995484769,1.857292891,0.349900246,0.441906542,0.868479312,0.567232192,3.670836926,8.05378437,1.161825776,0.75756526,3.03761816,3.469090462
391.9599915,1.469352245,2.072636366,0.182413548,0.245241776,1.181841969,0.702517092,3.540201187,9.145565987,0.981568813,0.897450686,3.66380477,3.479217052
393.0299988,1.246978998,2.355065823,0.137872681,0.444309294,1.226288915,0.667103827,3.165755749,10.21656799,0.843490064,0.882615149,3.221917391,3.5795784
393.9299927,1.385352015,2.115918875,0.45485723,0.716230154,1.270039439,0.636600792,3.542541981,11.21273422,0.890806735,0.797402263,3.39261055,3.268312216
395,1.167645335,2.429189682,0.469978303,0.457558006,0.93177253,0.77404207,3.845157623,12.32429123,1.048835516,0.825782239,3.496320248,3.041493177
396.0599976,1.466873884,2.074241638,0.507844448,0.608621538,0.901466668,0.713182986,3.242140532,13.89990044,0.911683023,0.727061808,3.13516736,3.401259899
396.9599915,1.356915712,2.164548874,0.632505238,0.504449308,1.190592647,0.880963445,3.51237607,15.15203667,0.679146349,0.664215446,3.394248247,3.100115299
398.0299988,1.266142011,2.012707949,0.445935488,0.340790987,1.008826852,0.754608512,3.204710245,16.69497299,0.978689671,0.900579453,3.392608643,3.135768175
398.9299927,1.598623514,2.097468615,0.514253497,0.527197838,0.843642712,0.664057136,3.553253889,18.06031609,0.766293049,0.814019084,3.132712364,2.995408297
400,1.442582965,2.130026817,0.275459796,0.349978447,0.792670608,0.611044169,3.704363108,20.68473053,0.499637902,0.505488038,3.695318222,2.825200081
401.0700073,1.174275756,2.156558275,0.478071809,0.28892985,0.790543318,0.740602255,3.69173789,21.78740501,0.808028996,0.708776176,3.313952446,2.561243773
402,1.295238495,2.183209181,0.445481002,0.30377382,0.704133272,0.648406148,3.797684669,23.52191353,0.619841337,0.708284736,3.368372202,2.803874731
403.0700073,1.22164917,1.931198835,0.198860869,0.226961181,0.688585579,0.664585114,3.675159931,25.97224236,0.494980514,0.488895088,3.470650434,2.61991024
404,1.167047024,1.564551115,0.274652451,0.258274823,0.696089387,0.353581041,3.70010972,27.70968246,0.39061746,0.702572048,3.369793415,2.869355679
405.0700073,1.299049616,1.807387114,0.210268155,0.089432396,0.583945692,0.439399779,4.212012291,31.10507774,0.491763085,0.368565887,3.244902849,2.625129938
406,1.113084197,1.726412773,0.184383988,0.182453573,0.508397758,0.352497995,4.348680973,33.3435173,0.407264024,0.64255631,3.872615099,2.646262646
407.0700073,1.08138442,1.792369485,0.262198836,0.074413441,0.411308676,0.39959839,4.753639221,35.95653915,0.333487779,0.688172042,3.877970934,2.589535236
408,1.114619017,1.768952847,0.107246079,0.288958758,0.444139451,0.369726181,4.538219929,39.06675339,0.518691778,0.41756618,4.05740118,2.83230257
409.0700073,1.136537433,1.692939639,0.216475561,0.196265727,0.381713927,0.447567254,5.249523163,42.32352448,0.540363669,0.631181538,4.215547085,2.968216896
410,1.144295812,1.878519535,0.179791853,0.255228043,0.614287794,0.108428396,5.076738358,45.04075623,0.382563889,0.549331427,4.350957394,2.682090282
411.0599976,1.127882481,1.728060126,0.0735517,0.367136657,0.563662827,0.400837392,5.691505432,48.06728363,0.379425466,0.458395034,4.504296303,3.021216154
411.9599915,1.142631412,1.856451392,0.075703174,0.312207282,0.257860065,0.469781011,6.285000801,51.84118271,0.537726104,0.336197376,4.786812782,2.741245985
413.0299988,1.255613446,1.796102285,0.133362502,0.230163902,0.421405852,0.416138351,6.433710098,55.75786209,0.592089117,0.475783348,4.723014355,2.777281284
413.9299927,1.20212853,1.875178695,0.137770876,0.198471353,0.44175747,0.429836631,6.415894508,61.06506729,0.549437404,0.582417667,5.277681351,2.766369343
415,1.167113543,1.580067515,0.043490574,0.214366034,0.411118865,0.416702896,7.000637054,65.00662994,0.37281242,0.489519566,5.122532368,2.75489974
416.0599976,1.274847388,1.623597026,0.231259853,0.355869383,0.27558437,0.546521306,7.135948181,69.10404205,0.293318182,0.562873423,5.821605682,3.069700956
416.9599915,0.983659089,1.646431208,0.090896927,0.168120995,0.553411782,0.231617242,7.789429665,73.83078003,0.629019201,0.597148836,6.002693176,3.221929073
418.0299988,1.183010817,1.593023181,0.124509163,0.2414812,0.365678161,0.261090338,7.94257021,78.85570526,0.362098128,0.67593199,6.142035484,3.172179222
418.9299927,1.029689908,1.766810775,0.029627701,0.214272901,0.456234187,0.514214516,8.503605843,83.69262695,0.449380964,0.674777806,6.460574627,2.938296556
420,1.235282302,1.413161278,0.154383257,0.213666484,0.414877325,0.244055644,8.942617416,87.5256958,0.345624209,0.467987418,6.726742268,2.902024746
421.0700073,1.316201448,1.923829675,0.078679934,0.092021927,0.320385397,0.258828849,9.468132973,94.53356934,0.634871841,0.397645474,6.873006821,3.29960084
422,1.267187238,1.515952468,-0.048271332,0.015109147,0.541334629,0.30674091,9.829045296,97.74236298,0.460796982,0.708040953,7.216600418,3.543071985
423.0700073,1.238065243,1.452285647,0.136397779,0.183760077,0.69434154,0.280712873,10.28843689,103.2685623,0.297223091,0.676290572,7.229616165,3.307849407
424,1.078251243,1.492902994,0.261718988,0.319840431,0.652960658,0.493051797,11.18254852,109.7651901,0.543496728,0.578918874,7.80327177,2.98480463
425.0700073,1.265171528,1.372341633,0.15139544,0.211826906,0.513239443,0.290821374,11.22589684,115.6224594,0.437203586,0.823245287,8.076041222,3.102073193
426,1.009243131,1.378721118,0.321704596,0.073322222,0.552629888,0.238149539,11.98676586,119.8336868,0.359724611,0.578583896,8.3171978,3.150742769
427.0700073,1.075761676,1.50930357,0.336325407,0.402296394,0.213560537,0.447486103,12.80452538,127.3433151,0.343251437,0.502582908,8.76365757,3.31504631
428,1.303365827,1.316142559,-0.017728537,0.075083949,0.409847051,0.382552028,12.58544636,131.5249176,0.313175231,0.618400872,8.71452713,3.139879942
429.0700073,0.96745652,1.35709691,0.214609474,0.264908999,0.486776114,0.399885565,13.36015129,139.0158386,0.411335021,0.743885577,9.298192978,3.345714331
430,0.901984572,1.490639806,0.16849345,-0.035129409,0.287232578,0.277575493,13.62423992,143.3786316,0.39803654,0.851113975,9.66283989,3.543172836
431.0599976,1.119119048,1.499374509,0.246200725,0.27722317,0.261292607,0.30727306,13.91379166,149.7888947,0.505964816,0.650750876,9.919913292,3.436599731
431.9599915,1.102089524,1.501774073,0.015336339,0.091400042,0.197964132,0.398179501,14.69621468,155.6684875,0.343525887,0.743983507,10.74735832,3.481663942
433.0299988,0.930204928,1.301881313,0.32170096,0.43191126,0.344789177,0.353597224,15.6482935,162.1343231,0.358209372,0.556009054,10.87210369,3.234023094
433.9299927,1.060778499,1.296508193,0.13691923,0.336263835,0.400332928,0.298319817,15.815732,168.969696,0.435784042,0.710354924,10.95769882,3.433173895
435,0.886633039,1.310183764,-0.062723532,-0.064797185,0.200555116,0.416136324,16.29532433,174.5469666,0.581150055,0.681343079,11.36893177,3.383707762
436.0599976,0.975555182,1.459006071,0.153464928,0.118935511,0.305144846,0.275367886,16.84711838,179.9705048,0.187926203,0.840090334,12.20085335,3.484759092
436.9599915,1.131282806,1.215752363,0.137297705,0.090016276,0.123470105,0.417740315,17.22305107,185.5064392,0.45091328,0.855397403,12.90828609,3.819528103
438.0299988,1.099872947,1.461325526,0.107113533,0.182495892,0.339317441,0.294231981,17.9124012,192.7419281,0.356028944,0.682688117,12.52905941,3.581861019
438.9299927,1.139210463,1.396425724,0.121272214,0.122453682,0.260874987,0.185494289,18.79629707,198.8935242,0.326775074,0.754015207,12.59931087,3.502339363
440,1.171345115,1.3653934,0.028475076,-0.00127698,0.280246973,0.243337631,19.13654518,202.8515778,0.525896907,0.866022527,13.54845715,3.821929693
441.0599976,0.870357454,1.313883662,0.311284483,0.262898266,0.341587067,0.389101833,19.47357368,211.5164185,0.374834836,0.611722648,14.15844345,4.012284756
441.9599915,0.936184347,1.191571712,-0.017196288,0.258622766,-0.017114325,0.303641796,20.52314186,216.8708801,0.167630374,0.965399325,14.1010828,4.147464752
443.0299988,0.87831229,1.306576133,0.169626296,0.198535532,0.352992564,0.322706848,20.78378868,225.1436157,0.32791552,0.798297048,14.91012001,4.070538044
443.9299927,1.084991813,1.09215796,0.230222806,0.445797533,0.290595889,0.212301329,21.64941978,229.4792633,0.235064164,0.897300363,15.36292171,4.426756382
445,1.222061396,1.233280063,-0.031864762,0.06072123,0.248317763,0.319803089,22.12522888,236.4579926,0.387662828,0.796361744,16.15245438,4.272659779
446.0599976,0.823350728,1.118674159,0.199946478,0.106769174,0.323886037,0.320826381,23.10170937,243.2966309,0.405465633,0.849133492,16.91896057,4.032837868
446.9599915,1.041373968,1.113380432,0.074167818,0.181980714,0.519051969,0.228900418,23.61588478,250.608551,0.374434412,0.756933332,16.81817055,4.099696636
448.0299988,1.233840823,1.022351265,0.400746495,0.123483859,0.059981663,0.262008369,24.06641579,259.2481384,0.419045121,0.709705532,17.56627464,4.122788429
448.9299927,0.750181317,1.13525033,0.045758426,0.106136985,0.181951881,0.216116712,24.52861214,264.931488,0.494474649,0.983121157,17.68602371,4.445311546
450,0.825427294,1.291207194,0.366347343,0.213162869,0.374250829,0.292052269,26.04697037,269.7658997,0.364451289,1.108923793,17.97706032,4.812400341
451.0599976,0.949077785,1.145759344,0.153303728,0.260370493,0.220833644,0.508157313,26.08570862,276.7597351,0.438253433,1.067615032,18.49762154,4.534719944
451.9599915,1.014504313,1.210495234,0.212614074,0.293154538,0.259412468,0.232208073,26.99273109,286.8965149,0.282994956,0.878428161,19.15804291,4.714476585
453.0299988,0.976727903,1.293779492,0.137182608,0.10481967,0.303312272,0.309962899,27.3836956,293.4108276,0.2793293,0.864683747,19.51111794,4.701330185
453.9299927,0.708800614,1.246993661,0.074562564,0.305003345,0.090634458,0.229244009,28.07769203,298.8711548,0.434735388,1.106691837,19.7937603,4.988843918
455,0.963296711,1.237137794,0.135159731,0.157616526,0.27476877,0.367745519,28.63437271,303.4525757,0.370886058,0.941914737,20.49253654,5.000632286
456.0599976,1.175145864,1.126342893,0.120612487,0.02921023,0.289037406,0.091112942,29.60175705,310.7134399,0.411487609,1.036162734,20.82881355,5.106893539
456.9599915,0.909576833,1.045250177,0.057956133,0.199613109,0.243877307,0.322051346,29.7492733,317.2232666,0.48045668,0.921938956,21.79453468,5.018160343
458.0299988,0.988564432,1.05361104,0.335387707,-0.015325109,0.260463268,0.149841681,30.31912613,323.9190979,0.230127484,0.970162034,21.11276627,5.222025394
458.9299927,1.031195641,1.241642237,0.044589389,0.041914407,0.373860747,0.288998187,31.05995369,327.5861206,0.55476737,1.094281077,22.17271042,5.320234299
460,0.933621585,0.969667971,0.07423681,0.061061401,0.140004665,0.196916327,31.25704384,330.7955322,0.358096957,1.170131922,22.45312691,5.300255775
461.0599976,0.809288681,1.238235593,0.088725723,0.185133725,0.55742836,0.441896081,31.55030441,339.4085388,0.276299089,1.163244963,22.87825775,5.097314835
461.9599915,0.785527349,1.004571319,0.366907001,0.199668065,0.29130435,0.136238396,32.19002914,339.3022156,0.308366001,0.933508933,23.09859848,5.290482521
463.0299988,1.011692405,1.139619231,0.043993622,0.259308696,0.184073061,0.275509119,32.26397324,342.9006653,0.463120043,1.058745265,23.52989388,5.509194374
463.9299927,0.709743679,0.928106725,0.214358822,0.106056325,0.380143046,0.318160534,32.94970322,350.052063,0.247951031,1.096427798,23.27560806,5.112693787
465,0.84465313,1.365158558,0.291269541,0.182043329,0.233776212,0.34860599,33.56402206,348.7494812,0.309927195,1.19554162,23.45416451,5.689518452
466.0599976,0.942025781,1.110182166,0.15165779,0.137143478,0.061025515,0.353763312,32.68744659,351.5357666,0.385778368,1.11377871,24.12930489,5.499528408
466.9599915,0.883863151,0.987845659,0.013159402,0.010837023,0.353664011,0.352944374,33.7140274,355.9823303,0.312910706,1.359152913,23.71173286,5.608460426
468.0299988,0.900637507,0.904251039,0.199031875,0.350104511,0.333981752,0.24535121,33.60981369,357.81427,0.479376346,1.129210234,24.59023285,5.604101181
468.9299927,1.006820798,0.928467095,0.090190664,0.305317491,0.135524154,0.199431077,34.00286484,357.0611877,0.521531642,1.188982606,24.2075367,5.576693535
470,0.892112494,1.038525105,0.139102414,0.120952867,0.32071209,0.246514276,34.45706177,360.6694946,0.291456014,1.142619133,24.6671524,5.766248703
471.0400085,0.853350163,0.777467132,0.260217667,0.245389462,0.336947084,0.327211589,33.96496582,361.220459,0.307537735,1.277218461,25.30193138,5.219082832
471.9400024,0.842994034,1.08788991,0.071963325,0.091396652,0.251416028,0.24428612,34.42189789,362.2710571,0.154892847,1.214465141,25.07531929,5.636185646
472.980011,0.753518522,1.089138508,0.118952394,0.475792497,0.271909148,0.432961971,33.9647522,363.6724854,0.545253992,1.322913885,24.89021873,5.812999725
474.019989,0.588565171,0.859287918,0.167277589,0.212604255,0.167035535,0.201370478,34.05883408,361.4444275,0.421078891,1.168032408,25.2797699,5.767698288
475.0700073,0.712728858,0.748777509,0.151575461,0.105383463,0.386965722,0.356439263,34.87189484,362.2549438,0.435072869,1.207169533,25.67054176,5.439450264
475.9700012,0.833386838,0.81821692,0.107612141,0.139666826,0.293413967,0.389250636,34.83081055,359.6439209,0.310050815,1.216720462,25.70685196,5.452023983
477.0100098,0.622109592,0.682191849,0.091674089,0.260531664,0.243215472,0.232687265,34.42887115,362.4364624,0.448112518,1.034072638,25.46919441,5.526125908
478.0499878,0.703231633,0.704097569,0.121045612,0.120893888,0.338389188,0.182242155,34.93835068,360.327179,0.215820521,1.106996655,25.5254631,5.760584354
478.9500122,0.680191577,0.942910731,0.194651648,0.183476999,0.213523746,0.324230105,34.41405487,360.2156982,0.421423286,1.094683051,25.64812851,5.386716366
480,0.712600172,0.950245917,0.027469326,0.350317806,0.136937797,0.061827175,34.17751694,358.8633728,0.436607361,0.924449563,25.53513718,5.164558411
481.0599976,0.643775702,0.965138614,0.250357539,0.200428039,0.152981356,0.36044097,34.03001785,357.0404053,0.139387995,1.026064992,24.98722076,5.170307159
481.9599915,0.755369902,0.682999015,0.288219333,0.167413414,-0.002477189,0.058856118,34.61629486,354.499176,0.495440275,1.06343019,24.94916534,5.529428482
483.0299988,0.709882557,0.924776197,0.169081226,0.152660936,0.059688669,0.228693411,33.65354156,351.052124,0.169563964,1.241746545,25.40459824,5.42269516
483.9299927,0.569498241,0.652712584,0.135916576,0.042826798,0.180399418,0.386041522,33.54314041,348.7946167,0.394620806,1.279695511,25.24658394,5.44381094
485,0.876835346,0.665979505,0.090575449,0.382032365,0.121180914,0.321762472,34.28723526,345.0606384,0.356200367,1.096948504,25.21349907,5.485277176
486.0599976,0.639724255,0.873816609,-0.077555172,0.183822304,0.198049516,0.18295826,33.24947357,346.9530945,0.439206809,1.17327702,24.85458374,5.464475155
486.9599915,0.803822458,0.720412195,0.185195208,-0.08135467,0.246722266,0.076018572,33.46324539,342.7165222,0.23120378,1.188484788,24.77655602,5.245381355
488.0299988,0.541199505,0.866699338,0.024277881,0.060389712,0.199896976,0.43852964,33.38211823,343.0168152,0.499067068,1.322724342,24.84377098,5.111688137
488.9299927,0.630921602,0.708919823,0.059194874,0.200214341,0.30828616,0.217669144,32.81926346,337.8580933,0.265684426,1.242590785,24.16485405,5.524076939
490,0.754950941,0.922601879,0.305687308,0.139773965,0.013132409,0.320616931,32.31579971,336.9190063,0.437121779,1.229645491,23.71300125,4.913978577
491.0400085,0.467419058,0.773918212,0.181735367,0.185895786,0.216279894,0.183371022,31.85486412,332,0.534575999,1.164130569,24.08883286,5.196874619
491.9400024,0.502806664,0.635432184,0.246355504,0.298363626,0.435526401,0.368691474,31.66882706,330.9632263,0.232862696,0.862504005,23.69477081,5.134313107
492.980011,0.655688822,0.647018015,0.165459096,0.151021898,0.184520215,0.33861807,31.81342888,323.6469727,0.231828764,1.302360773,23.58077621,5.059446812
494.019989,0.631876707,0.917344511,0.182808384,0.074596472,0.16511552,0.211268693,30.98562241,320.5869141,0.232831866,1.053968906,23.7827282,4.611011028
495.0700073,0.353335202,0.904722691,-0.032074358,0.244066864,0.121988878,0.166964844,31.37869644,317.8694458,0.417030901,1.143023968,22.9591732,5.133282185
495.9700012,0.642525852,0.708667815,0.255419731,0.090255715,0.356540531,0.396497101,30.00591469,313.4248047,0.338074714,1.328256249,23.02032471,4.719897747
497.0100098,0.366014063,0.564898968,-0.001664219,0.390125155,0.306486845,0.258799642,30.83720779,308.4136963,0.250217289,1.27123487,23.17345047,4.805380344
498.0499878,0.747337699,0.767892301,0.151137337,-0.093385831,0.19947283,0.182901457,29.96414185,308.2852478,0.076142393,1.116672039,23.06322479,4.853271008
498.9500122,0.626101315,0.622371256,0.106196597,0.155612484,0.291792095,0.181807041,29.19651604,302.7323303,0.310863167,1.067124367,22.67259789,4.517307281
500,0.335353702,0.524831235,0.104133584,0.214386925,0.335675567,-0.002579014,28.85503578,299.504364,0.200706556,0.859214187,22.27972603,4.515500546
501.0400085,0.420962334,0.640524745,0.256217331,0.061374698,0.103799246,0.186548457,28.6485157,295.8788147,0.230040774,0.938769341,21.92750168,4.182551861
501.9400024,0.554546177,0.396259397,0.089254871,0.063812017,0.137152091,0.168501392,27.99858856,291.3825989,0.078331962,1.250075579,21.34559631,4.320935249
502.980011,0.350143701,0.319752634,0.055208098,0.152312145,0.044855013,0.151425928,28.32790947,285.0878296,0.377423316,0.982708156,21.4895668,4.28173399
504.019989,0.530730605,0.527914703,0.089400947,0.121458061,0.138139486,0.105277322,27.75920105,285.4160767,0.323648483,1.046137094,21.05511284,4.326820374
505.0700073,0.43648237,0.643941581,0.138273478,0.340278268,-0.079251736,0.135678023,27.83410072,275.9708557,0.337096572,1.043128014,20.77124977,4.263022423
505.9700012,0.792196751,0.597720623,0.150517955,0.090072259,0.213601857,-0.007569422,26.54224586,273.2915649,0.355260432,1.098894238,20.19968796,4.490873814
507.0100098,0.503839135,0.456738979,-0.124061398,-0.033044226,0.25915435,0.339085996,26.4743042,266.9307861,0.322294086,1.134474874,20.04563141,4.329657078
508.0499878,0.394785732,0.5034585,-0.031529516,0.262857258,0.091494612,0.276529551,25.94791031,264.8419495,0.312524021,1.04642117,19.68182373,4.381828308
508.9500122,0.366992801,0.31965062,0.0145606,0.044045664,0.248378962,0.226974666,25.75500488,261.0542603,0.216744289,0.939708233,19.89201736,4.014144421
510,0.410453886,0.648415148,-0.063326254,-0.063901767,0.321584284,0.152680695,25.00406456,254.2945099,0.230139449,1.152349949,19.20335579,4.003518581
511.0599976,0.45687443,0.364185721,0.396062553,-0.050787907,0.390481383,0.21545814,24.88286591,248.5256348,0.250391722,1.124331832,18.87208366,4.071639061
511.9599915,0.446320176,0.672668695,0.334144503,0.303432107,0.170225829,0.305247217,24.53005219,246.0458984,0.267943114,0.819257975,18.377285,3.882113934
513.0300293,0.227114603,0.530882776,0.062222742,0.046502363,0.120851986,0.197878435,24.1542263,244.1342621,0.230164602,0.945190966,18.85181808,3.931782961
513.9299927,0.522509933,0.414787024,0.057973534,0.061216272,0.309610277,0.25790152,23.28352165,239.328537,0.308591098,1.003375411,18.6825428,3.626329184
515,0.560168803,0.366057336,0.076565914,0.229165822,0.199789301,0.180455893,23.4775219,238.2908478,0.262674034,0.989347041,17.63540459,3.678704739
516.0599976,0.472456425,0.610206544,0.362535834,-0.016620083,0.185708582,0.181460038,22.61977577,229.7687531,0.137451187,1.092315316,17.92557907,3.735311985
516.960022,0.291136414,0.167213157,0.196978062,0.168664545,0.171446919,-0.017286638,22.34121704,225.1596527,0.295823932,0.708816648,17.00484085,3.410352468
518.0300293,0.520924032,0.504876554,-0.001321975,0.043872695,0.106356874,0.22576879,22.30893135,222.5723267,0.29792428,0.911943913,17.01442719,3.504717112
518.9299927,0.211266115,0.258215457,0.091738351,0.058341753,-0.017162839,0.121942006,21.62329483,218.8312988,0.168033004,0.941267073,16.66168976,3.216860771
520,0.399058729,0.198978469,-0.002383444,0.351580024,0.398514241,0.214873597,20.93432999,215.9523621,0.203193501,0.802734077,16.51661491,3.677031994
521.039978,0.25780797,0.30578199,0.180149645,0.167297989,0.188177675,0.134831607,21.08436584,209.1849823,0.477047414,1.036216378,16.4246788,3.337138176
521.9400024,0.321082026,0.364782393,0.134763196,0.200746357,0.135430828,0.227396339,20.43434715,206.8823853,0.315531969,0.787903488,16.38751793,3.462393522
522.9799805,0.293268859,0.4123092,-0.017203907,0.075979121,0.074937768,0.182058334,19.93157387,202.3259735,0.340551019,0.869612515,15.3409605,3.078354597
524.0200195,0.599094868,0.385289043,0.057889462,0.170593038,0.233889625,0.167488188,19.69286156,198.1480865,0.109937199,0.819042265,15.01488113,3.407908916
525.0700073,0.30281806,0.324623317,0.106520534,0.135779157,0.089776643,0.042656492,19.40020561,192.7523499,0.31342119,0.791351974,14.6674099,3.140087366
525.9699707,0.508474827,0.639978826,0.198873192,0.228148952,0.184941664,0.167209849,19.69326019,191.740036,0.357150048,0.844731689,14.43911266,3.076980591
527.0100098,0.044701774,0.387174249,0.044173792,0.044459354,0.093055323,0.086097591,19.23679543,186.6859436,0.012985743,0.916750073,14.89748096,2.912885189
528.0499878,0.31234473,0.365240395,0.124382831,0.119355261,0.303733081,0.027350837,18.18481064,181.6694336,0.245986834,0.808565319,14.10134125,3.078514814
528.9500122,0.312118739,0.382150203,0.028269455,-0.091436446,0.120077372,0.193030015,17.43049431,177.9144287,0.124193765,0.644632638,14.16234875,2.715916395
530,0.260707587,0.568997681,0.027941197,0.060096383,0.271926433,0.104394846,17.47542572,174.6806335,0.106510602,0.739570975,13.15430737,2.661917686
531.0200195,0.228398562,0.273318768,0.076460853,-0.109432861,0.045159459,0.274248153,16.64369965,170.5382385,0.109408557,0.961429894,13.00979042,2.692549706
532.0499878,0.364539266,0.486321896,0.181369603,0.074129619,0.261671931,0.275677562,16.87003517,164.539566,0.296461463,0.783653855,12.68250465,2.778123379
532.9400024,0.183416009,0.320690841,0.089743011,0.105653785,0.076236069,0.180525735,16.81443596,163.4970398,0.311681092,0.671654165,13.13569355,3.016578436
533.9699707,0.333626181,0.397023767,0.044039592,0.213811919,0.277623802,0.150360271,15.7923317,157.7693329,0.266536951,0.89706558,12.38689327,2.193768978
535,0.318190336,0.503640533,-0.109564878,0.232107237,-0.078462355,0.135873944,15.32917309,154.3406219,0.39062652,0.725877762,12.2848835,2.500840425
536.0200195,0.229803175,0.273316503,-0.063725673,0.105304219,0.21224153,-0.032205682,14.78448296,150.1036224,0.219300538,0.770321727,11.79026604,2.575730085
537.0499878,0.182306826,0.526079178,0.091822647,0.166211575,0.122357845,0.013465202,14.3493185,145.9846039,0.216751337,0.617918134,11.53632164,2.308405638
537.9400024,0.183948115,0.494823933,0.05885759,0.227946326,-0.094436854,0.043745626,14.76976871,143.1665192,0.172901243,0.494416475,11.41222572,2.570962429
538.9699707,0.073224403,0.166415259,0.042555761,-0.032489724,0.105134673,0.105718128,14.15347672,140.7062988,0.300163239,0.667985618,11.01216221,2.431935787
540,0.167547107,0.363517284,0.408323675,0.169351831,0.364796281,0.119855925,14.37753963,135.6112518,0.153628886,0.568638802,10.71048355,2.205598354
541.039978,-0.059794575,0.213814691,0.24517183,0.210890144,0.213463381,0.423891872,14.07141018,133.5898743,0.144810677,0.567168891,10.21133423,2.505869865
541.9400024,0.339595944,0.397138387,-0.051858902,-0.154272512,0.04246198,-0.049145747,13.32869625,129.6049805,0.370965958,0.538041115,10.591959,1.962034345
542.9799805,0.302642316,0.291953564,0.029675012,0.08889848,0.166675985,0.093018427,12.8476963,127.6717224,0.203067377,0.727393985,10.20653629,2.240613222
544.0200195,0.28843081,0.183199599,0.306115151,-0.019263079,-0.001647333,0.106286347,12.5413866,123.9289551,0.468129426,0.506917357,9.948769569,2.125435591
545.0700073,0.136262387,0.092128344,-0.063966401,-0.019105969,0.060230974,0.355788261,12.339921,120.4690704,0.239180237,0.538904309,9.749752045,2.117557049
545.9699707,0.216748819,0.277620286,0.071202643,0.093475193,-0.033937145,0.215089276,11.96155643,118.8009033,0.028960967,0.692623675,9.634543419,1.963557243
547.0100098,0.215100154,0.259168059,-0.032719411,0.027431101,0.013097222,0.21278666,11.82330894,114.6621399,0.425410926,0.725471497,9.041707039,2.058289766
548.0499878,0.247878119,0.244308293,0.10602691,0.044135761,0.135862142,0.274667352,11.51006794,112.0252991,0.211502701,0.47777608,9.179798126,2.165288687
548.9500122,0.197638497,0.411348581,0.183361679,0.029618159,0.183223382,0.179354161,11.3536911,108.9346771,0.170956671,0.521060765,8.849702835,1.790977478
550,-0.108869121,0.170280784,-0.049899627,-0.017218748,0.181121782,0.279714912,11.05104351,106.7660217,0.340778649,0.520176113,8.526268959,1.864307046
551.0200195,0.276652426,0.353050023,0.101057105,-0.001861284,0.089179493,0.309031457,11.17487049,105.2146606,0.232165352,0.629511297,8.285262108,1.74209547
552.0499878,0.432222366,0.121247836,0.157196939,0.073172055,0.133687839,0.446904451,10.53695297,101.5369644,0.25872609,0.514863551,8.151041985,1.702703238
552.9400024,0.241654113,0.216488674,0.195991218,0.16803737,0.317306459,0.213929921,10.4009304,98.37926483,0.337137789,0.530108094,8.146807671,1.615725756
553.9699707,0.137948155,0.245001003,0.015269935,0.013398554,0.183297008,0.029248148,9.748939514,96.12702179,0.419151843,0.47367245,8.028682709,1.773121238
555,0.199150503,0.109424368,0.029056495,-0.108909436,0.255313277,0.090881936,9.568964005,92.94758606,0.275163531,0.629616141,7.776115417,1.680643916
556.0200195,0.262975901,0.064047642,0.199324071,0.349556923,0.210913196,0.10681545,9.978899002,91.24123383,0.325043529,0.541886032,7.370205879,1.534880996
557.0499878,0.122701272,0.491945148,-0.032537065,-0.135977969,0.211906478,0.435909063,9.2046175,88.07037354,0.203917235,0.522042155,7.119421959,1.458971858
557.9400024,0.135996193,0.367885888,0.074802548,-0.078785516,0.150309011,0.232585684,8.971436501,85.91472626,0.280358285,0.513747573,6.843849659,1.67887938
558.9699707,0.106264778,0.185723141,0.196651936,-0.033406038,0.135582939,0.030978898,9.016245842,83.73365021,0.151916236,0.412699312,6.839772224,1.427829385
560,0.167559758,0.09018904,-0.092066154,0.104930684,0.210970253,0.23071076,8.617061615,81.74169159,0.236015305,0.451431274,6.820092678,1.282447696
561.039978,0.184081271,0.10886053,-0.188225687,0.074141935,0.058828659,0.152082831,7.993677616,80.13684082,0.264524698,0.433077902,6.365973473,1.478889346
561.9400024,-0.095314465,-0.093997471,0.061330624,0.180125788,0.105509333,0.264233351,7.70741415,76.88931274,0.049470637,0.428420812,6.259458542,1.573653817
562.9799805,0.059907299,0.185198456,0.126146063,0.120518945,0.148657396,0.062603846,7.915486813,74.38776398,0.296465069,0.656722486,5.903340816,1.435686588
564.0200195,0.280048132,0.043234702,0.076265812,-0.047695428,-0.001274412,-0.018191943,7.49480772,71.81075287,0.219058484,0.430513561,5.699415684,1.407485366
565.0700073,-0.035144504,0.14965193,-0.017751755,0.015965169,0.152411178,0.137689903,7.505992413,69.49738312,0.232861519,0.555799246,5.615908146,1.486131668
565.9699707,0.186622903,0.105993502,0.046448458,-0.017552326,0.213567331,0.123951234,7.131299019,68.91757965,0.155382901,0.38323617,6.042210102,1.204515338
567.0100098,0.106135763,0.213945374,-0.062605411,0.045195904,0.044958964,0.26126653,6.913412571,66.43373871,0.26788795,0.442399114,5.528091431,1.445368528
568.0499878,0.06192727,0.152165458,0.015467241,0.120497473,0.532285571,0.106510535,6.95250845,65.38414764,0.264968813,0.415133983,5.046576023,1.142780066
568.9500122,0.09116628,0.089769915,0.199210152,0.05807744,0.305242986,0.293432325,6.471745014,63.36167908,0.187827021,0.417090923,5.140968323,1.085140347
570,0.121096753,0.181615979,-0.017440205,0.028380012,0.387147218,-0.000445724,6.604730606,61.549366,0.140041605,0.339950949,5.428647518,1.223577499
571.0200195,0.199049816,0.059981719,0.093431838,0.014161874,0.150961265,-0.001419958,6.301347733,60.40642548,0.32923004,0.43057248,5.125905037,0.932744622
572.0499878,-0.016606769,0.06262055,0.000811533,0.013334811,0.060971122,0.200165257,5.984864712,57.26532745,0.205240086,0.63027215,5.059209824,1.139807701
572.9400024,0.213188037,0.214226902,0.028978243,-0.001226505,0.029424617,0.134690613,5.567664623,56.9530983,0.143103942,0.215245411,4.738464832,1.221665978
573.9699707,0.28854999,0.290875465,0.184788019,0.106568307,0.256554335,0.138141677,5.848660946,54.16474915,0.263948441,0.600034773,4.536127567,0.992909133
575,0.073932126,0.072850831,0.030647153,-0.033461507,0.122330159,0.044480577,5.573993683,53.62343979,0.266970128,0.216472,4.379396915,1.120805264
576.0200195,0.195933715,0.106025428,-0.001723617,0.075332582,0.211107403,0.106884606,5.169792652,51.63017273,0.046326946,0.39906773,4.422282219,0.920391202
577.0499878,0.181836292,0.044550121,0.013508931,0.230940804,0.271177203,0.182629332,5.600500584,50.45437622,0.126051903,0.171733007,4.146150112,1.164079428
577.9400024,0.013127671,0.246025547,0.044837192,0.148592904,-0.00251228,0.076184124,4.904062271,48.62855148,0.282087207,0.449573755,3.984397888,0.762565434
578.9699707,0.243093029,0.153824002,0.121240124,-0.047055293,0.330714494,-0.018181127,4.983437061,47.93389511,0.293355823,0.337427616,4.128773212,1.147137523
580,-0.078594238,0.229575813,-0.139838547,0.289916098,0.211904302,0.183925763,4.649225712,47.14152527,0.122898929,0.355819255,4.313601017,0.999669671
581.0200195,0.10536401,0.122277647,0.276106417,0.090830565,0.103673481,0.011734546,4.980306625,45.033741,0.095419489,0.185328394,3.863075972,0.931433022
582.0499878,0.089310519,0.028696554,0.061237469,0.011468922,0.168331936,0.089427136,4.451183319,43.07689285,0.142834321,0.512337446,3.675211906,0.676809073
582.9400024,0.122008644,0.16558376,0.02997674,0.029044116,0.382541657,0.295959204,4.905945301,42.73719406,-0.02893866,0.319411844,3.388509512,0.683634043
583.9699707,0.045018323,0.135925248,0.246246949,0.215123043,0.073765367,0.030959448,4.388354778,41.46899414,0.221163467,0.356621295,3.688613653,0.802152813
585,-0.049507353,0.134752333,0.027000388,-0.141291753,0.305288881,0.185886219,4.246067047,39.32609558,0.299948186,0.550163329,3.57448864,0.869705856
586.0200195,0.180004433,0.105765238,-0.111018233,0.118827462,0.211886779,0.186937079,4.243112087,38.63360977,0.297669292,0.464528054,3.076188564,0.90377444
587.0499878,0.013860713,0.179092586,-0.001445199,0.074525692,0.149594471,0.014354627,3.886513472,36.98985672,0.18697615,0.388655096,3.445944309,0.730062604
587.9400024,-0.15543367,0.273057789,0.106087744,0.182220131,-0.002615837,0.198651448,4.050714493,35.75041199,0.244178027,0.373699784,3.185781002,0.76415956
588.9699707,0.266163945,0.166150972,-0.063367888,0.10550493,0.121200427,0.091114089,3.789198637,34.57973099,0.233532652,0.354148537,3.035678864,0.731697738
590,0.214048728,0.333258718,-0.125273272,0.014347826,0.224304125,0.355305731,3.730200768,33.67169189,0.203876048,0.124246061,2.917350054,0.872688472
591.0200195,0.092611127,0.337189883,-0.033743907,0.043194454,0.20914261,0.231982917,3.621827602,32.97123718,0.159207508,0.452139288,2.956663847,0.730685115
592.0499878,-0.018551597,0.379818827,0.013952654,-0.001745655,0.357744217,0.200577065,3.295092106,31.59737015,0.236332372,0.341755211,2.949665546,0.72773546
592.9400024,-0.031849246,-0.047717627,0.044222325,0.074377052,0.323619336,0.166520968,3.559911728,31.13603592,0.470676273,0.418042511,2.901608944,0.773098171
593.9699707,0.247998819,0.244630635,-0.096522413,0.029842371,0.199026421,0.135966256,3.451014519,30.06469154,0.172254667,0.310170174,2.854475498,0.833776653
595,-0.00019896,0.228360921,-0.126690477,0.076314688,0.153419063,0.199370012,3.019472599,28.89630127,0.1422216,0.370154977,2.636627436,0.743567526
596.0200195,-0.063843504,0.183796182,-0.094061464,0.013383548,-0.032186124,-0.015410412,3.108187199,28.35949898,0.301705241,0.306651145,2.500885963,0.725090027
597.0499878,0.233476147,0.120756656,0.203003928,-0.109236129,0.090331644,0.138339102,3.346530914,27.69755554,0.26444912,0.340118736,2.374844313,0.688422144
597.9400024,0.198879361,0.01257696,0.000843227,0.048308786,0.121777088,0.140699282,3.072785139,27.06149864,0.292317718,0.215018645,2.461056948,0.531314254
598.9699707,0.120917879,0.225245446,0.030182093,-0.032147121,0.027535105,0.108969346,2.982824564,25.6083622,0.111418679,0.353413254,2.815888882,0.724568248
600,0.244030446,-0.001989892,0.138199404,0.027264616,0.029884303,0.09199959,2.840582132,25.55874825,0.225118116,0.292742491,2.31017518,0.807934165
601.0100098,0.060937103,0.271599054,-0.093997285,0.165001214,0.076059602,0.217059135,2.68924737,24.49864388,0.171317428,0.18483761,2.03069663,0.634033978
602.0200195,0.075278543,0.012522905,-0.109673075,0.029155102,0.228383839,0.267603248,2.761840343,23.58521461,0.185655013,0.478181809,2.202389002,0.487215817
603.039978,0.060779363,0.241134405,-0.032226048,0.136012256,0.059233863,0.13822484,2.292437315,22.99159241,0.094506681,0.417745829,2.155058622,0.708520234
604.0499878,0.194812283,0.103637449,0.12396697,0.150888294,0.246218234,-0.047452942,2.591817141,21.87799454,0.159817979,0.261107504,1.914011717,0.812925696
605.0700073,0.04683958,0.151741236,-0.201916888,0.104859576,0.122038342,0.123029277,2.564275265,22.10476303,0.185596705,0.167802259,1.863312483,0.674841464
605.9400024,0.028553078,-0.124718472,0.059348702,-0.001836651,0.059999991,0.107480086,2.499211073,21.01309013,0.029821623,0.306362063,2.190911531,0.76263231
606.9500122,0.250185788,0.150289193,-0.047489602,-0.065305687,0.075238802,0.014813647,2.502361774,19.75784492,0.191464856,0.447357118,1.98352778,0.571659684
607.9699707,0.21443443,0.136186078,-0.124828622,0.150978133,0.258466005,0.09115617,2.231228828,19.79594994,0.06270086,0.27736035,1.884165406,0.691726089
608.9799805,0.339140266,0.179853827,0.18336314,0.229600474,0.165892556,0.183266506,2.205244541,19.13030243,0.250577897,0.260645956,1.853365302,0.459605008
610,0.24881655,0.319684446,0.044894729,-0.048220254,0.229849026,0.013451576,2.110752344,18.33541489,0.12564823,0.166859001,1.94559443,0.627156138
611.0200195,-0.0022554,0.27244854,-0.064424627,0.166891113,-0.032035854,0.184758127,2.241348028,17.24033737,0.047093939,0.044471007,2.098313808,0.786722243
612.0499878,-0.001503085,0.271904945,0.136580244,0.167664379,0.0786006,0.167998731,1.995445967,17.37754631,0.07696417,0.09356305,1.854048014,0.736871481
612.9400024,0.076526172,0.07553491,0.120132312,-0.187244132,0.138160631,0.246213064,2.048207998,16.93272972,0.092997603,0.298818946,1.620070338,0.455295652
613.9699707,-0.017541489,0.104604565,0.002273793,0.078205623,0.124272026,0.404921711,2.074301481,16.35171127,-0.003158983,0.235250741,1.666691065,0.467176288
615,0.215463743,0.058619969,-0.017480541,-0.013270855,-0.095081761,0.04489103,2.38082099,15.6097393,0.171773166,0.19774361,1.634708047,0.480523437
616.0200195,-0.01647388,0.335497111,-0.140224516,-0.078995027,0.0741577,0.181856066,2.138429165,15.47879219,0.090014935,0.075122595,1.56588757,0.560278118
617.0499878,0.121893875,0.33435005,-0.033748802,0.091557033,0.235137746,0.168120176,1.71446228,14.11244106,-3.09E-05,0.379745036,1.480555892,0.519993246
617.9400024,0.214124873,0.16272524,0.286417604,0.078112029,0.351282507,0.232139394,1.747881413,13.99347878,0.13823764,0.303493798,1.468499541,0.680029452
618.9699707,0.368198723,0.180296525,-0.093412027,0.136879236,0.106114261,0.233265162,2.038990259,14.17847824,0.061391413,0.212527186,1.55504787,0.513575018
620,0.105547845,0.119889341,-0.061429944,-0.035968482,-0.051788963,0.106320947,1.99724865,13.60602951,0.270709366,0.325414598,1.268568039,0.544996142
621.0100098,0.196925491,0.304809988,0.212850258,-0.017454743,0.232176617,-0.154548764,1.888537526,12.92302036,0.319672257,0.426911801,1.260672331,0.587823629
622.0200195,0.199630112,0.30004698,0.075980112,-0.076412022,0.153901726,-0.03277266,1.985511422,12.47733402,0.047918901,0.259591579,1.191166878,0.563226819
623.039978,0.04326966,0.227141455,0.121809736,-0.09490782,0.24798286,0.091166794,1.683248043,12.13536644,0.252371162,0.168495789,1.459418058,0.475331813
624.0499878,0.091405176,0.088766322,0.118382171,0.14165768,-0.00050765,0.0614383,1.616981149,11.65430355,0.340352029,0.105311625,1.67118299,0.635616183
625.0700073,-0.018506335,0.347252429,0.230507568,0.106914051,0.12269745,-0.110565282,1.533152342,11.61455345,0.231024578,0.248576596,1.108080626,0.563038468
625.9400024,0.249058053,0.119056687,-0.125351176,0.059861775,0.19021447,0.031524152,1.768741012,10.97443104,0.26557368,0.245836452,1.233355641,0.613225162
626.9500122,0.169621423,0.14951022,-0.031586777,0.151131347,-0.001523949,0.154498637,1.526828527,10.63857841,0.093812004,0.262588322,1.160774946,0.411114931
627.9699707,0.045580339,-0.000986884,-0.001691019,0.060507126,0.265384913,0.229999825,1.383211493,10.51746273,0.215700254,0.136372998,1.109155774,0.470407397
628.9799805,0.309289485,0.230977461,0.136565551,0.086711444,0.309320509,0.062017672,1.465595722,9.687020302,-0.000935047,0.165306047,1.289651513,0.581323326
630,0.334920883,0.289776921,0.213658974,-0.093324155,0.107601307,0.030685252,1.324849248,9.575436592,0.343136311,0.21211201,1.47226131,0.322413355
631.0100098,0.307286918,0.122756749,-0.048012182,0.060810238,0.077383727,-0.09512224,1.495816827,9.089897156,0.059907895,0.136015922,1.198997855,0.509412766
632.0200195,0.200047702,0.341934323,0.04303978,0.042258661,-0.045171369,0.197132558,1.260962367,9.023842812,0.109722652,0.137588337,1.27893889,0.587460935
633.039978,0.106680572,0.104648173,-0.077505864,0.058847215,0.200284526,0.044323221,1.410258293,8.901782036,-0.017297009,0.183356345,1.157296181,0.461092055
634.0499878,0.236549988,0.058329377,-0.155065596,-0.061750975,-0.047736153,0.104780875,1.15917027,8.680317879,0.139801636,0.121627405,1.059427619,0.507527947
635.0700073,0.213377938,0.212599322,0.074820846,0.087760121,0.0930354,-0.014206727,1.255073905,8.137681961,0.202944621,0.106750302,0.943894923,0.528428495
635.9400024,0.181860924,0.029339522,0.0764632,0.05822612,0.077089459,0.122376695,0.978429318,7.963657379,0.092997737,0.231323049,1.182572842,0.30913192
636.9500122,0.308856696,0.411632896,0.217790827,0.000189523,-0.002432103,0.151416719,1.346688271,7.701746464,0.355676591,0.261710882,1.186556816,0.635606408
637.9699707,0.170060843,0.402112305,0.198163793,-0.094919004,0.199001715,-0.077509925,1.019340158,7.332919121,0.107908979,0.167855769,0.993838012,0.356908113
638.9799805,0.354352444,0.121434905,0.016385943,-0.029333621,0.214749172,-0.109785512,1.031735897,7.336912632,0.122802086,0.353184134,0.977655947,0.492835671
640,0.389690042,0.346942455,0.012609358,-0.017403748,0.176327243,0.136457607,1.346732974,6.86438036,0.155895889,0.10641104,0.922763407,0.592653573
641.0100098,0.278389692,0.274889588,-0.089820564,-0.034327846,0.149796963,0.139307335,1.075373411,6.713586807,0.106973112,0.183870494,1.063134789,0.453822434
642.0200195,0.341143549,-0.079065204,0.120784961,0.169773474,-0.079150863,0.043293219,1.36363399,6.416117668,0.284527808,0.260619491,0.870152772,0.601173937
643.039978,0.294554025,0.182240546,0.104411915,-0.124690883,0.214212835,-0.001462103,1.058413267,6.312128067,-0.063091263,0.258700103,0.750049353,0.525372565
644.0499878,0.155070171,0.150491133,0.104744904,0.118094049,0.042453289,0.215199873,0.915880621,6.109353065,0.297719002,-0.07913699,0.741961181,0.453676224
645.0700073,0.139268741,0.276343137,0.104716502,-0.190395877,0.166528836,0.030714124,0.863413096,5.859135628,0.123855256,0.263832539,0.991203427,0.49063164
645.9400024,0.20048669,0.155921459,0.121019512,0.155567423,0.38917473,0.060007684,0.794103622,5.790956974,0.046629202,0.26050359,0.720880568,0.554124713
646.9500122,0.217104569,0.245801672,-0.0175198,0.12238577,0.245435819,-0.142518878,1.202027798,5.457638264,0.15568696,0.014296685,0.861920893,0.465423852
647.9699707,0.276149064,0.326133192,-0.154427707,0.172526687,-0.096385852,0.228994682,1.20970273,5.728644371,0.093162179,0.046132553,0.924391449,0.329526216
648.9799805,0.092311494,0.215416253,0.044668451,0.076238044,0.07477089,-0.00238135,0.9897874,5.151083946,-0.008446991,0.152566046,0.676712632,0.368944109
650,0.390222848,0.171109542,-0.032100309,0.013049443,-0.000802581,0.170268446,1.106216192,4.920125961,0.124187835,0.198835373,0.991523445,0.466120273
651,0.262382716,0.179551289,-0.125952303,-0.032354761,0.138866037,0.07441923,1.112919569,4.952395439,0.152093619,0.258838207,0.865571857,0.493616611
652,0.267330945,0.272862852,-0.018953443,0.046070006,0.279933363,0.169462785,1.050112128,4.63299036,0.126385719,0.242578894,0.765705943,0.450226486
653,0.186270073,0.182949409,0.07354708,0.136460975,0.183957785,-0.017944718,1.088169456,4.380950928,0.106706061,0.10233704,0.797281385,0.532639921
654,0.325650632,0.140143037,0.136180669,0.061291803,0.09134078,0.182423756,1.036676288,4.451904774,-0.063342586,0.242698982,0.744610012,0.417410791
655,-0.001732757,0.150495827,-0.016509598,-0.110332303,0.087669373,0.013583939,1.231496334,4.048285007,0.375751674,0.090313055,0.863874137,0.495157391
656,0.134244308,0.294889987,0.027455756,0.231671736,0.11036446,0.125664458,0.828057766,3.955099583,0.111290157,0.202870488,0.694126487,0.481803417
657,0.121296495,0.307052523,-0.093408175,0.045946244,0.366627276,0.04474299,1.152219892,4.101476669,0.168638691,0.090772972,0.627557576,0.529929102
658,0.18646197,0.152836293,-0.090758957,-0.248717845,0.176910818,0.120269068,0.955641985,3.779909134,0.153824121,0.306410641,0.875744581,0.521511138
659,0.203741193,0.120616674,0.046919636,0.090789288,-0.058997754,0.432351023,1.142969012,3.442589998,0.262233436,0.34275198,0.736306429,0.503451645
660,0.218747452,0.294579506,0.16825375,0.185384557,-0.017298782,0.185651928,1.014662027,3.718451977,0.185932919,0.029343106,0.611342609,0.509956896
661.0100098,0.35536471,0.33714518,-0.016651258,0.168758333,0.149585441,0.138586968,0.865243554,3.504935026,-0.066753216,0.230915159,0.744448543,0.315797418
662.0200195,0.169321537,0.12454275,-0.04878946,0.293239296,0.075590804,0.181145296,0.878692687,3.582165718,0.061701927,0.166695416,1.054314613,0.310945988
663.039978,0.062048506,0.244634658,0.092446402,0.228761345,0.118911848,0.183937609,0.962384224,3.335048199,0.169414654,0.20907101,0.699623108,0.435089648
664.0499878,0.386720747,0.183550969,-0.186295167,-0.031789243,0.106061347,0.213542655,0.873134315,3.119298458,-0.000281218,0.333771855,0.893282473,0.533059955
665.0700073,0.355435878,0.061843153,-0.032435406,0.243384078,0.108726338,0.211294398,1.134753942,3.011740923,0.198139757,0.398340017,0.558549762,0.414133132
665.9400024,0.155090869,0.122503765,-0.123401709,0.169506475,0.079863645,-0.112413101,0.869541168,2.972307444,0.246270105,0.151782885,0.940882742,0.541458488
666.9500122,0.246411085,0.169977263,0.029592114,0.153317466,0.212305293,0.307138979,0.888506591,3.099063158,0.358721703,0.229764581,0.619741142,0.626102209
667.9699707,0.434368521,0.320679784,-0.017686753,0.154715195,0.153816715,0.061091021,0.931200802,2.884688139,0.220501587,0.228847951,0.636892796,0.509697497
668.9799805,0.04312193,0.246063083,0.10628181,-0.217515454,0.199419379,0.089477807,0.839414179,2.681533098,0.263185412,0.185062215,0.977783144,0.649085641
670,0.137321726,0.213402867,0.029853145,0.059122857,0.246456429,0.12317273,0.986169279,2.895025015,0.298592389,0.232902452,0.917063892,0.705543459
671,0.30506447,0.217073813,0.279018641,0.013742536,0.137789711,-0.032957561,0.786792457,2.676757336,0.014388852,0.089795783,0.762335658,0.476011664
672,0.123423904,0.226333052,-0.048371911,0.134887502,0.417010933,0.273791939,0.92745018,2.219949722,0.014358569,0.260671288,0.853378713,0.787826181
673,0.074949354,0.075011455,-0.06185912,-0.093791232,0.140821308,-0.032676708,0.84373796,2.489897966,0.306107849,0.072559521,0.838747621,0.527716935
674,0.377952069,0.04692531,0.048193488,-0.140439868,0.170725361,0.136757314,1.048925638,2.382581711,0.156595364,0.137651712,1.036710978,0.519755006
675,0.323941052,0.232056156,-0.078515105,-0.077543274,0.247654945,0.135370076,1.111916542,2.339754581,0.157247439,0.168606699,1.04122436,0.542602241
676,0.119001024,0.278812051,0.135676324,0.13956745,0.04336435,0.135470003,1.072525024,2.198595285,0.2142649,0.16430898,0.838634372,0.823116124
677,0.139448211,0.226310819,0.217780277,-0.12423978,0.231981397,0.199509904,1.021162033,2.068063736,0.091292426,0.244813874,0.900291324,0.562136471
678,0.205385402,0.257582635,0.058686383,0.150818139,0.090948917,0.231153488,0.975997746,2.200172663,0.199229553,0.089754455,0.829757094,0.822455287
679,0.204674184,0.200401887,0.029653328,0.060489807,0.314654648,0.088857777,1.049090147,2.13799572,0.228615031,0.484192312,0.783926845,0.545096636
680,0.076139443,0.0300711,0.135323107,-0.18665795,0.292199463,0.44677037,1.203756809,2.122246504,0.327162325,0.074354537,0.909416199,0.620066583
