proteinID,LFQ.intensity.A1,LFQ.intensity.A2,LFQ.intensity.A3,LFQ.intensity.C1,LFQ.intensity.C2,LFQ.intensity.C3,impute_LFQ.intensity.A1,impute_LFQ.intensity.A2,impute_LFQ.intensity.A3,impute_LFQ.intensity.C1,impute_LFQ.intensity.C2,impute_LFQ.intensity.C3,pvalue,log1P,log2fc,t.value,p.adjust,Cys,geneName
A2A6T1,17.61439352983663,17.789915664048692,17.853553233309988,19.034589428226795,18.989095090041822,18.556857764510056,17.61439352983663,17.789915664048692,17.853553233309988,19.034589428226795,18.989095090041822,18.556857764510056,0.0027535965870855716,2.5600996852976095,1.1075599518611199,6.585172948636547,0.0027535965870855716,7,Cdr2l
A2AG50,NA,NA,NA,19.873966716029656,19.577860279691098,19.69086078143845,16.41740008541092,16.832924810758634,16.31010764076296,19.873966716029656,19.577860279691098,19.69086078143845,6.093139315765929e-5,4.215158891894128,3.19408508007556,17.62018373254705,6.093139315765929e-5,7,Map7d2
O08585,18.11943764345557,17.954071323516228,NA,19.1589646384047,19.47611330415266,18.442246983827225,18.11943764345557,17.954071323516228,16.93869133946382,19.1589646384047,19.47611330415266,18.442246983827225,0.04749217097152835,1.323377977408819,1.355041539982988,2.82694200582007,0.04749217097152835,1,Clta
O08709,20.895856291815907,21.103031625326754,21.547690973970855,21.829041356595052,21.97956056445533,22.047367582823465,20.895856291815907,21.103031625326754,21.547690973970855,21.829041356595052,21.97956056445533,22.047367582823465,0.019178535475240267,1.7171845597986097,0.7697968709201106,3.7954553617999522,0.019178535475240267,2,Prdx6
O08915,18.42910429572018,18.74655368400661,18.81597112230786,19.446877329066062,19.369797536313648,19.727518335539397,18.42910429572018,18.74655368400661,18.81597112230786,19.446877329066062,19.369797536313648,19.727518335539397,0.006181837215614804,2.208882435262852,0.850854699628151,5.277207180155601,0.006181837215614804,8,Aip
O35593,19.777415862597625,20.425215903299385,20.959854812403282,22.152424733285056,22.03516691720813,22.011339197120773,19.777415862597625,20.425215903299385,20.959854812403282,22.152424733285056,22.03516691720813,22.011339197120773,0.008211732816315796,2.085565189633571,1.678814756437891,4.871341836752239,0.008211732816315796,3,Psmd14
O35658,NA,NA,NA,17.6822951151125,18.397908557303648,18.53784022244139,16.715680392398323,16.73042377365712,17.222852051240466,17.6822951151125,18.397908557303648,18.53784022244139,0.013635572909644882,1.8653266101044328,1.316362559187212,4.205482169857848,0.013635572909644882,6,C1qbp
O35668,NA,NA,NA,18.796679723581796,18.644912464409504,18.69496314581433,17.159958888832705,17.04335925641399,17.210101157756046,18.796679723581796,18.644912464409504,18.69496314581433,1.89663722490584e-5,4.722015729885316,1.5743786769342947,23.64566754992857,1.89663722490584e-5,6,Hap1
O35690,NA,17.794809284218278,18.20084114736919,20.330028396446558,19.240791332161958,20.73694358021894,17.139910996677383,17.794809284218278,18.20084114736919,20.330028396446558,19.240791332161958,20.73694358021894,0.01167505268298054,1.9327411510294206,2.3907339601875357,4.401774548943786,0.01167505268298054,5,Phox2b
O35737,22.18137795155272,22.07522320385021,22.375944099631276,23.295020026395886,23.336199253541785,23.412738323941642,22.18137795155272,22.07522320385021,22.375944099631276,23.295020026395886,23.336199253541785,23.412738323941642,2.7420697665617746e-4,3.561921499638649,1.137137449615036,12.024790342409698,2.7420697665617746e-4,5,Hnrnph1
O35887,NA,NA,NA,20.054175031975216,20.081348199900077,20.035099779202167,17.056656723853266,16.709938051966308,16.658815779994494,20.054175031975216,20.081348199900077,20.035099779202167,1.3313675525691328e-5,4.875702031665477,3.248404151754464,25.845374026227088,1.3313675525691328e-5,2,Calu
O54984,20.681574719528374,20.60295253205669,20.57450113868266,23.012635449816063,22.64588003725617,22.751645390421686,20.681574719528374,20.60295253205669,20.57450113868266,23.012635449816063,22.64588003725617,22.751645390421686,4.315267522501708e-5,4.364992275280212,2.183710829075398,19.223714651469486,4.315267522501708e-5,8,Get3
O54988,NA,18.476627556376517,NA,19.072451906663485,18.90174488129757,18.987597108246927,16.49346982404842,18.476627556376517,16.953103868247005,19.072451906663485,18.90174488129757,18.987597108246927,0.04916266557022211,1.3083645779610376,1.6795308825120117,2.792972331835689,0.04916266557022211,12,Slk
O70305,18.65846952219586,18.837627933171404,18.783791186648823,20.46193900930491,20.202635618815215,20.471298140391497,18.65846952219586,18.837627933171404,18.783791186648823,20.46193900930491,20.202635618815215,20.471298140391497,9.50271349210238e-5,4.022152364566168,1.6186613754985117,15.746315865822103,9.50271349210238e-5,15,Atxn2
O88413,NA,NA,NA,19.866756725441746,19.640029527173272,19.6037494810776,16.608770969726155,17.096223079666245,17.024258632581788,19.866756725441746,19.640029527173272,19.6037494810776,8.556787157151929e-5,4.067689270584513,2.7937610172394756,16.170071758680663,8.556787157151929e-5,5,Tulp3
O88447,NA,NA,NA,18.799876044036584,18.794714112313574,18.572596614907237,16.385443456952082,16.37583138744081,16.925734024097746,18.799876044036584,18.794714112313574,18.572596614907237,3.8961357601797504e-4,3.4093659186133163,2.160059300922253,10.989526322570596,3.8961357601797504e-4,8,Klc1
O88448,18.828080685813063,18.990453025099935,18.712029859925256,19.89127938367347,20.63803281493646,20.824386997119205,18.828080685813063,18.990453025099935,18.712029859925256,19.89127938367347,20.63803281493646,20.824386997119205,0.005595632510278455,2.252150815266501,1.607711874963627,5.425746893650029,0.005595632510278455,7,Klc2
O88569,22.5303387015629,22.481804357817747,22.668151798638963,23.125088016118823,23.866085070910255,23.56511602761838,22.5303387015629,22.481804357817747,22.668151798638963,23.125088016118823,23.866085070910255,23.56511602761838,0.012517777470269678,1.9024727732087454,0.9586647522092839,4.312855779258691,0.012517777470269678,1,Hnrnpa2b1
P00375,20.22740912024121,20.24458217786576,20.3091921069599,20.481779726889563,21.224880190841354,21.264534231910133,20.22740912024121,20.24458217786576,20.3091921069599,20.481779726889563,21.224880190841354,21.264534231910133,0.046207924198163754,1.335283540884714,0.730003581524727,2.8540148483216434,0.046207924198163754,1,Dhfr
P02468,NA,NA,NA,18.55446144715922,18.400787730996992,18.358273446628107,17.473771958341214,17.75453871336645,16.550368639244827,18.55446144715922,18.400787730996992,18.358273446628107,0.03300343962034437,1.4814407955678606,1.1782811046106083,3.196733846033418,0.03300343962034437,99,Lamc1
P04184,NA,NA,NA,18.359861065689742,18.135859559011248,18.278712607001708,16.203158238743853,17.03095569240832,16.66945445229395,18.359861065689742,18.135859559011248,18.278712607001708,0.0028303083934108487,2.548166240709084,1.6236216160855257,6.536652647360073,0.0028303083934108487,8,Tk1
P06837,17.464992375518772,NA,NA,18.19527607579911,18.37203181546866,18.207243155936737,17.464992375518772,16.71860082512729,17.09251765241679,18.19527607579911,18.37203181546866,18.207243155936737,0.006374647511501922,2.1955438247045147,1.1661467313805502,5.232074273180823,0.006374647511501922,2,Gap43
P08030,22.568436760026167,22.915155066763077,23.167264998369106,23.540023007298753,23.422523709346354,23.516651289622992,22.568436760026167,22.915155066763077,23.167264998369106,23.540023007298753,23.422523709346354,23.516651289622992,0.02633826401473825,1.5794128532795295,0.6094470603699165,3.4381513676369293,0.02633826401473825,3,Aprt
P08228,22.864725712014906,22.570152184555837,22.909599414781066,23.85424216217362,23.993258375399662,24.14848899518105,22.864725712014906,22.570152184555837,22.909599414781066,23.85424216217362,23.993258375399662,24.14848899518105,8.67581579645647e-4,3.0616896774314446,1.217170740467509,8.935211670814915,8.67581579645647e-4,3,Sod1
P09528,NA,NA,NA,20.28217896452341,20.500184446037956,20.403120234963513,16.357479680520743,16.83556588483703,15.812907278627067,20.28217896452341,20.500184446037956,20.403120234963513,1.7731047715014022e-4,3.7512656014884436,4.0598436005133465,13.439675928618245,1.7731047715014022e-4,3,Fth1
P10637,NA,17.991754334370736,18.677175941312186,20.775230885615233,19.61460920618549,20.795110620503753,16.98263232026891,17.991754334370736,18.677175941312186,20.775230885615233,19.61460920618549,20.795110620503753,0.016155201971696287,1.791687608079956,2.511129372117548,3.9981300063867455,0.016155201971696287,6,Mapt
P12849,NA,18.385196766282757,NA,20.134707066515023,20.192557708110247,20.25845101854002,16.374574050641442,18.385196766282757,17.051989353487357,20.134707066515023,20.192557708110247,20.25845101854002,0.0078011514828071615,2.1078412888838542,2.924651874251243,4.942803604106381,0.0078011514828071615,7,Prkar1b
P14873,22.173103711119893,22.242548453122303,22.313128824093635,23.15349203856349,23.15237831079158,23.270420808469357,22.173103711119893,22.242548453122303,22.313128824093635,23.15349203856349,23.15237831079158,23.270420808469357,7.24693250699411e-5,4.139845783386637,0.9491700564961967,16.864413302739052,7.24693250699411e-5,22,Map1b
P16045,22.366930466815585,22.108529561413615,22.220311011567414,23.2059495182627,23.14587991800951,23.237101401563464,22.366930466815585,22.108529561413615,22.220311011567414,23.2059495182627,23.14587991800951,23.237101401563464,2.6450707682377063e-4,3.577562704028046,0.9643865993463514,12.13603523954253,2.6450707682377063e-4,6,Lgals1
P16460,NA,NA,NA,18.19719749186642,18.231352451585835,18.35784406032151,16.436344132658892,16.44703989969634,16.669390842961853,18.19719749186642,18.231352451585835,18.35784406032151,4.234920296576402e-5,4.3731547589065425,1.7445397094855615,19.315067357128076,4.234920296576402e-5,5,Ass1
P17225,20.59586935466421,20.975682866145576,21.10821048698107,21.65887915219001,21.483896451205418,21.613872178842033,20.59586935466421,20.975682866145576,21.10821048698107,21.65887915219001,21.483896451205418,21.613872178842033,0.012982823011588615,1.886630863386832,0.692295024815536,4.266830426912561,0.012982823011588615,4,Ptbp1
P17742,26.559306714740377,26.513958978053637,26.59348914845926,27.410135974903625,27.610767139891095,27.5986801113992,26.559306714740377,26.513958978053637,26.59348914845926,27.410135974903625,27.610767139891095,27.5986801113992,1.3963181279788228e-4,3.8550156236285655,0.9842761283135495,14.28156650570282,1.3963181279788228e-4,3,Ppia
P18760,24.61532115853239,24.300476572355947,24.602748695992208,25.92730180728529,26.07285829353163,26.097138882638312,24.61532115853239,24.300476572355947,24.602748695992208,25.92730180728529,26.07285829353163,26.097138882638312,1.9126970666547344e-4,3.7183538081734953,1.5262508521915628,13.182763828496933,1.9126970666547344e-4,4,Cfl1
P19157,22.30632986397448,22.22729159386414,22.60168375060847,23.26298716715899,23.47901839846814,23.324023385088218,22.30632986397448,22.22729159386414,22.60168375060847,23.26298716715899,23.47901839846814,23.324023385088218,0.0017189739141792917,2.7647307137806316,0.9769079140894164,7.467341404014838,0.0017189739141792917,3,Gstp1
P21107,21.408209477993694,21.702355337959457,21.750950637616025,23.616387306877396,23.382054029185294,23.601729083450806,21.408209477993694,21.702355337959457,21.750950637616025,23.616387306877396,23.382054029185294,23.601729083450806,1.2863163945055198e-4,3.8906521951074926,1.9128849886481056,14.58234122241865,1.2863163945055198e-4,1,Tpm3
P21126,NA,NA,18.810395906032397,21.582562838662227,21.65298497931398,21.54778509551583,17.043382269830857,16.909509169616193,18.810395906032397,21.582562838662227,21.65298497931398,21.54778509551583,0.0028365198506615104,2.5472141727893582,4.0066818560041995,6.532794888360982,0.0028365198506615104,2,Ubl4a
P25322,NA,17.484083361295564,17.86145044260835,19.738164846556167,18.891872682487534,19.275010504204875,17.333935885606984,17.484083361295564,17.86145044260835,19.738164846556167,18.891872682487534,19.275010504204875,0.003899913875318315,2.4089449837137606,1.7418594479125602,5.992693349181518,0.003899913875318315,14,Ccnd1
P26645,17.13280092905357,17.489659835990608,17.943636592633265,20.000445710174482,20.02837015117334,20.21927725556959,17.13280092905357,17.489659835990608,17.943636592633265,20.000445710174482,20.02837015117334,20.21927725556959,4.6976721617305293e-4,3.3281172947783744,2.560665253079989,10.473235489582564,4.6976721617305293e-4,1,Marcks
P26883,21.671805369817108,21.85779576385238,21.881775669634393,22.51588171116022,22.82139252153378,22.743245097331872,21.671805369817108,21.85779576385238,21.881775669634393,22.51588171116022,22.82139252153378,22.743245097331872,0.0014129264603531028,2.8498804416149808,0.8897141755739959,7.864156496422957,0.0014129264603531028,1,Fkbp1a
P27546,16.803979723921273,16.1930055085514,16.90806418636785,19.947636937951827,19.17857246235152,20.386481417704328,16.803979723921273,16.1930055085514,16.90806418636785,19.947636937951827,19.17857246235152,20.386481417704328,0.0015537765701051254,2.8086114317042,3.2025471330557167,7.669539457810791,0.0015537765701051254,10,Map4
P28063,NA,NA,NA,19.57612631536213,19.440483954235944,19.84366654092858,17.552665899013363,17.025193823956624,16.0839233114674,19.57612631536213,19.440483954235944,19.84366654092858,0.0035821880280599264,2.4458516218913178,2.7328312586964216,6.133022456275472,0.0035821880280599264,5,Psmb8
P28658,NA,NA,NA,19.24968291293395,19.375005481986616,19.340171748667544,16.110585307177978,16.495905952758115,16.420522370843297,19.24968291293395,19.375005481986616,19.340171748667544,1.76145633175927e-5,4.754128118938067,2.979282170936237,24.08943522153091,1.76145633175927e-5,11,Atxn10
P28667,NA,NA,NA,19.570967454950743,18.405448973897347,19.935746330113282,16.76033085541664,16.271487434847728,16.819786288043638,19.570967454950743,18.405448973897347,19.935746330113282,0.005510003819230721,2.258848100119131,2.6868527268844566,5.449034463619382,0.005510003819230721,1,Marcksl1
P30285,20.295244291131436,20.643680068790452,20.875002353194425,21.938297452103598,21.779845972645216,21.575794041763203,20.295244291131436,20.643680068790452,20.875002353194425,21.938297452103598,21.779845972645216,21.575794041763203,0.004275052707297411,2.369058526468601,1.1600035844652332,5.8440561304162,0.004275052707297411,4,Cdk4
P30681,21.418334420296073,20.112989209604315,19.981059939489278,21.96585472703611,21.6461438081758,22.018284410371905,21.418334420296073,20.112989209604315,19.981059939489278,21.96585472703611,21.6461438081758,22.018284410371905,0.044085169334112564,1.3557074867140688,1.3726331253980497,2.90074134303135,0.044085169334112564,3,Hmgb2
P31230,20.708177938663912,20.690468659032856,20.88777394551805,21.72829090305745,21.524013646376535,21.735911299345975,20.708177938663912,20.690468659032856,20.88777394551805,21.72829090305745,21.524013646376535,21.735911299345975,6.56263459554108e-4,3.1829217763857813,0.9005984351883818,9.606915315307358,6.56263459554108e-4,6,Aimp1
P32883,NA,NA,NA,19.884960469354343,20.26979328931319,19.960279155278315,17.106350460235976,17.205585744664432,16.93578923261311,19.884960469354343,20.26979328931319,19.960279155278315,3.119108372558283e-5,4.505969535538976,2.9557691588107744,20.862891864129463,3.119108372558283e-5,5,Kras
P33174,NA,NA,NA,19.590963433584516,19.36307386236369,19.559436843060016,17.601570180689926,16.412638720875158,16.501935932909568,19.590963433584516,19.36307386236369,19.559436843060016,0.0023709428669946727,2.6250789111622175,2.665776434844524,6.854864684129832,0.0023709428669946727,28,Kif4
P34022,20.608918946519353,20.97197008460838,20.894820723140782,21.523583012561822,21.44060561167706,21.787199540950322,20.608918946519353,20.97197008460838,20.894820723140782,21.523583012561822,21.44060561167706,21.787199540950322,0.007545101891560224,2.122334890991961,0.7585594703068956,4.989729489082973,0.007545101891560224,3,Ranbp1
P34884,23.503245379295105,23.52145187650281,23.934361086587522,24.13351602576533,24.320309174111436,24.27284275301635,23.503245379295105,23.52145187650281,23.934361086587522,24.13351602576533,24.320309174111436,24.27284275301635,0.017710890401167956,1.751759604445536,0.5892032035025601,3.888648058960613,0.017710890401167956,3,Mif
P39447,NA,NA,NA,19.632771604104008,19.342691057803304,19.495449086914327,16.992213275303637,16.6477698023944,16.47920651578582,19.632771604104008,19.342691057803304,19.495449086914327,8.653364757757985e-5,4.06281498946158,2.7839073851125953,16.12418705216701,8.653364757757985e-5,7,Tjp1
P42567,17.8335572249558,17.894865119904672,NA,19.31654670866837,19.291741784993267,19.249960616861443,17.8335572249558,17.894865119904672,17.42761583768356,19.31654670866837,19.291741784993267,19.249960616861443,4.485274646652359e-4,3.3482109586681252,1.5674036426596842,10.598745521927603,4.485274646652359e-4,9,Eps15
P43346,NA,NA,NA,19.236967150405974,19.026831391499186,19.382117373350784,16.68733724231272,17.10427761544722,16.700994742046593,19.236967150405974,19.026831391499186,19.382117373350784,1.544288669891512e-4,3.811271514866273,2.3844354384831377,13.920566144124356,1.544288669891512e-4,5,Dck
P46414,NA,NA,NA,18.466148173643653,18.593500546360442,19.44228748792035,16.71942450733404,16.38908282001952,16.57239968535849,18.466148173643653,18.593500546360442,19.44228748792035,0.002095340163856775,2.678745462294956,2.273676398404131,7.084794788239547,0.002095340163856775,4,Cdkn1b
P46660,17.482508624424824,17.098052650432543,17.831579406065437,18.694453113270022,18.69995194581285,18.670621674915793,17.482508624424824,17.098052650432543,17.831579406065437,18.694453113270022,18.69995194581285,18.670621674915793,0.004555919274609909,2.3414239796987455,1.217628684358619,5.742875825441671,0.004555919274609909,3,Ina
P47757,21.446473523859904,21.30212346874956,21.322346296075374,22.515953876582586,22.276113043278883,22.602091694917956,21.446473523859904,21.30212346874956,21.322346296075374,22.515953876582586,22.276113043278883,22.602091694917956,4.99605846347085e-4,3.3013724881893705,1.107738442031529,10.308350275465832,4.99605846347085e-4,5,Capzb
P47941,NA,18.815502131121775,NA,20.933442854855524,21.290077361606606,21.39299235411086,15.950634031114392,18.815502131121775,16.584347997426036,20.933442854855524,21.290077361606606,21.39299235411086,0.009685008661015506,2.0138999865680445,4.0886761369702604,4.646743484030767,0.009685008661015506,2,Crkl
P48024,NA,NA,NA,22.792571082947827,22.72754326353084,22.788793195019625,16.46775662130004,16.404248011997055,16.70954410055291,22.792571082947827,22.72754326353084,22.788793195019625,3.262712818332986e-7,6.486421150822015,6.24245293588276,65.45973675369653,3.262712818332986e-7,2,Eif1
P49312,23.278950760639287,23.283338221348252,23.465131917538685,23.85157597032873,24.02309916244479,24.029853365047597,23.278950760639287,23.283338221348252,23.465131917538685,23.85157597032873,24.02309916244479,24.029853365047597,0.0017863393843799698,2.7480360265442836,0.625702532764965,7.391669087333356,0.0017863393843799698,2,Hnrnpa1
P49722,20.198445041452363,20.275715317057504,20.698460507735398,21.130502693571856,21.362763604214074,21.43705304883567,20.198445041452363,20.275715317057504,20.698460507735398,21.130502693571856,21.362763604214074,21.43705304883567,0.007054214610604782,2.1515513319121324,0.9192328267921113,5.085370379975045,0.007054214610604782,2,Psma2
P51125,NA,NA,NA,20.295580622882788,20.3085256838019,20.477635749774382,16.5009687118974,16.16633717119,16.353609202349364,20.295580622882788,20.3085256838019,20.477635749774382,3.7522100597690953e-6,5.42571285652833,4.020275657007435,35.513459672977994,3.7522100597690953e-6,4,Cast
P51432,NA,17.499814751236155,NA,18.351129033686625,18.323951942368808,18.142206797704326,17.809302740798564,17.499814751236155,16.747651046931455,18.351129033686625,18.323951942368808,18.142206797704326,0.04602804676577279,1.3369774543227357,0.9201730782645292,2.8578765595275444,0.04602804676577279,15,Plcb3
P51859,20.28748694083645,19.980083779258113,20.004291800345793,21.762351216555423,22.197965342348727,22.51224471351344,20.28748694083645,19.980083779258113,20.004291800345793,21.762351216555423,22.197965342348727,22.51224471351344,9.796531781291538e-4,3.008927648270465,2.0668995839924094,8.656641450744706,9.796531781291538e-4,2,Hdgf
P52431,NA,NA,NA,19.113040097420793,18.240744756802687,18.845030559776323,16.078943602678578,15.897209236371573,16.96964363739286,19.113040097420793,18.240744756802687,18.845030559776323,0.0045150716830525675,2.3453353502658585,2.417672979185596,5.757108507815522,0.0045150716830525675,26,Pold1
P52651,17.978799820501344,17.769527953167312,18.083790935751114,20.41472652113226,20.371032137315154,20.45442782451587,17.978799820501344,17.769527953167312,18.083790935751114,20.41472652113226,20.371032137315154,20.45442782451587,1.3266218088251352e-5,4.877252867451814,2.4693559245145025,25.86857239396534,1.3266218088251352e-5,4,Rhox5
P53994,NA,NA,NA,19.230015743335386,19.27903013644965,19.459119389437614,15.97576231909399,16.18722776650294,17.251675029099555,19.230015743335386,19.27903013644965,19.459119389437614,0.0020655916622415458,2.6849555281033117,2.8511667181753886,7.111832259758552,0.0020655916622415458,3,Rab2a
P57722,19.03526090516785,18.899710944038354,19.194699151621514,19.551066096602643,19.841533636082143,19.78562806880994,19.03526090516785,18.899710944038354,19.194699151621514,19.551066096602643,19.841533636082143,19.78562806880994,0.005185728283986388,2.2851902426489743,0.6828522668890038,5.541413058664861,0.005185728283986388,5,Pcbp3
P58404,17.945295224550414,18.05451953085237,17.977794185533003,19.374687167875297,18.930442828096105,19.21136075835034,17.945295224550414,18.05451953085237,17.977794185533003,19.374687167875297,18.930442828096105,19.21136075835034,9.110242939648928e-4,3.04047004169416,1.179627271128652,8.822202232529435,9.110242939648928e-4,12,Strn4
P58854,NA,NA,NA,19.08954358457798,19.831950453701126,19.720838755755885,16.008059419551394,16.664661103953083,16.84518132805857,19.08954358457798,19.831950453701126,19.720838755755885,9.005592984689401e-4,3.045487685232057,3.0414769808239797,8.848805393474878,9.005592984689401e-4,13,Tubgcp3
P58871,NA,15.705011333308748,17.935142023771313,21.396759457250155,21.330684962768974,21.52516137518877,17.92256420141893,15.705011333308748,17.935142023771313,21.396759457250155,21.330684962768974,21.52516137518877,0.004713581450657539,2.3266489839118276,4.229962745569637,5.689372928098915,0.004713581450657539,23,Tnks1bp1
P59110,NA,NA,NA,19.368007618301988,19.385554898883363,19.364143206617765,16.792997695104077,16.973137578272574,16.699154069626616,19.368007618301988,19.385554898883363,19.364143206617765,5.95882082965178e-6,5.224839672783533,2.5508054602666164,31.624624286640156,5.95882082965178e-6,12,Senp1
P60335,22.263732257278704,22.415087717338878,22.881047474261376,24.60727160914376,24.338445329354567,24.345974751411923,22.263732257278704,22.415087717338878,22.881047474261376,24.60727160914376,24.338445329354567,24.345974751411923,7.475743752111384e-4,3.126345593455767,1.9106080803437635,9.287832143677646,7.475743752111384e-4,9,Pcbp1
P61750,NA,NA,NA,19.72020417099083,20.000583247239355,19.985236018363,17.803187803263427,17.265710712535352,17.358303120662427,19.72020417099083,20.000583247239355,19.985236018363,2.132265761877073e-4,3.67115866656685,2.426273933377324,12.822587604276098,2.132265761877073e-4,2,Arf4
P61759,NA,19.609063280974066,NA,21.281499942684288,20.70657695693977,21.57611708657322,16.107143119847873,19.609063280974066,17.243399777655718,21.281499942684288,20.70657695693977,21.57611708657322,0.0291980627156448,1.534645962928858,3.534862602573206,3.3266012031582095,0.0291980627156448,3,Vbp1
P62307,NA,18.56521366864856,NA,19.04158429449116,18.936436656122456,19.693534600061117,17.00597750299611,18.56521366864856,16.657297964000463,19.04158429449116,18.936436656122456,19.693534600061117,0.0455464036343412,1.341545909435711,1.8143554716765316,2.868303793119419,0.0455464036343412,1,Snrpf
P62309,NA,NA,NA,21.326192459486105,22.059168835055814,21.525878242304582,17.4899619433712,16.345780322392788,16.518058911667357,21.326192459486105,22.059168835055814,21.525878242304582,3.1462722703498423e-4,3.502203697353532,4.852479453138386,11.608945309914569,3.1462722703498423e-4,1,Snrpg
P62748,NA,NA,NA,20.8114311417629,20.58829373934542,20.79265051119906,16.36339123990451,17.164653228381265,16.119063984845223,20.8114311417629,20.58829373934542,20.79265051119906,2.0725250206824912e-4,3.6835002176998857,4.181755646392126,12.915849528184813,2.0725250206824912e-4,2,Hpcal1
P62774,20.85923751049581,20.937399684186484,20.569688757408205,21.8297382172214,21.945745299884916,22.19050953742968,20.85923751049581,20.937399684186484,20.569688757408205,21.8297382172214,21.945745299884916,22.19050953742968,0.0014752835744177815,2.8311244929279358,1.1998890341485016,7.775164478441995,0.0014752835744177815,3,Mtpn
P62858,20.504361246582604,20.226703818324992,20.480695549523443,21.621806853461017,22.09725544635405,22.08586012515984,20.504361246582604,20.226703818324992,20.480695549523443,21.621806853461017,22.09725544635405,22.08586012515984,0.001049506420125721,2.9790149003720567,1.5310539368479539,8.502268381587912,0.001049506420125721,1,Rps28
P62869,NA,NA,NA,20.616207800215363,21.303238940286857,20.17279860483962,16.20118356014623,17.477944149683765,16.21766762817756,20.616207800215363,21.303238940286857,20.17279860483962,0.0016173376535212683,2.7911993024480815,4.0651500024447635,7.588728978076474,0.0016173376535212683,1,Elob
P62874,NA,19.101390975471258,18.918496415610452,20.526499239136566,20.44090971040453,20.46163931154926,16.950043281163772,19.101390975471258,18.918496415610452,20.526499239136566,20.44090971040453,20.46163931154926,0.03538180272641314,1.4512200432694762,2.1530391962816253,3.1242285369113514,0.03538180272641314,14,Gnb1
P62965,18.137961737835777,18.337168898220042,18.60548675235355,18.863811200329607,19.190340734887368,18.885213758029366,18.137961737835777,18.337168898220042,18.60548675235355,18.863811200329607,19.190340734887368,18.885213758029366,0.022571545213173897,1.6464387087740857,0.6195827682789918,3.6092551147787697,0.022571545213173897,3,Crabp1
P63028,21.60041385234525,21.675514321205718,21.670249949898484,22.326905619396875,22.58396327953085,21.965467251408427,21.60041385234525,21.675514321205718,21.670249949898484,22.326905619396875,22.58396327953085,21.965467251408427,0.023706573589520205,1.6251312118884298,0.6433860089622314,3.5543158345086856,0.023706573589520205,2,Tpt1
P63073,21.35584573350048,21.459789798397704,21.362549594194636,21.92868028999935,22.023336094308878,22.141489760188016,21.35584573350048,21.459789798397704,21.362549594194636,21.92868028999935,22.023336094308878,22.141489760188016,8.072194712195747e-4,3.093008370877652,0.638440339467806,9.104443688474342,8.072194712195747e-4,4,Eif4e
P63158,21.79966264923946,21.579849924684925,21.645308368101954,22.285710378858727,22.251446581349914,22.404004350839674,21.79966264923946,21.579849924684925,21.645308368101954,22.285710378858727,22.251446581349914,22.404004350839674,0.0013262620984639407,2.8773706413396787,0.6387801230073258,7.996246405785216,0.0013262620984639407,3,Hmgb1
P68037,20.29468356391349,20.137586573345068,20.321685922990504,20.716909868029358,21.254592696003268,20.73925321256728,20.29468356391349,20.137586573345068,20.321685922990504,20.716909868029358,21.254592696003268,20.73925321256728,0.02422462047438857,1.6157430182883399,0.6522665721169467,3.5302723188028953,0.02422462047438857,3,Ube2l3
P70296,23.587950526535217,23.53824767374576,23.417124202801443,24.60484230593399,24.889808062686804,24.784266604379216,23.587950526535217,23.53824767374576,23.417124202801443,24.60484230593399,24.889808062686804,24.784266604379216,2.159808398722255e-4,3.6655847743437318,1.2451981899725304,12.78067950773491,2.159808398722255e-4,3,Pebp1
P70460,18.060812014662464,18.077598096956596,18.535070295680555,20.722590763827707,20.761012250690765,20.642534758020304,18.060812014662464,18.077598096956596,18.535070295680555,20.722590763827707,20.761012250690765,20.642534758020304,9.857016675567971e-5,4.006254508728988,2.484219121746385,15.600936668949165,9.857016675567971e-5,3,Vasp
P81122,18.070173367036045,19.000060536623003,18.894776325010604,20.51306444032555,19.729096258742622,20.5083325469973,18.070173367036045,19.000060536623003,18.894776325010604,20.51306444032555,19.729096258742622,20.5083325469973,0.015339113110192147,1.8141997500665994,1.5951610057986088,4.060759623527662,0.015339113110192147,21,Irs2
P97355,NA,NA,NA,19.068809761035766,18.576587679553338,18.53514625498352,16.65441465689225,16.95451601258234,16.53342892347518,19.068809761035766,18.576587679553338,18.53514625498352,6.89884894422509e-4,3.161223364171786,2.012728034207619,9.483353876075112,6.89884894422509e-4,8,Sms
P97371,19.99244604222351,20.57005951103463,20.570708100704604,21.337778677855738,21.441163077055027,21.287994128410983,19.99244604222351,20.57005951103463,20.570708100704604,21.337778677855738,21.441163077055027,21.287994128410983,0.007802850409136113,2.107746718998789,0.977907409786333,4.942498535302351,0.007802850409136113,3,Psme1
P97434,NA,NA,NA,18.932260896798496,18.30848124464402,18.58431661863838,16.035904841202928,17.245422113230276,17.518254098442533,18.932260896798496,18.30848124464402,18.58431661863838,0.0268043681636976,1.5717944255680798,1.6751592357350553,3.419016659345152,0.0268043681636976,15,Mprip
Q03173,16.72507330055716,17.103492722131687,17.31778355691145,18.59317225075295,17.76849450395343,18.461119687912472,16.72507330055716,17.103492722131687,17.31778355691145,18.59317225075295,17.76849450395343,18.461119687912472,0.016579248821153563,1.7804351505178537,1.2254789543395184,3.967070754650745,0.016579248821153563,8,Enah
Q05816,21.2138897511566,21.103415882897515,20.998243332048634,22.156905204248858,22.05032695830401,22.07437407941001,21.2138897511566,21.103415882897515,20.998243332048634,22.156905204248858,22.05032695830401,22.07437407941001,1.4689470083752227e-4,3.8329938709118077,0.9886857586200399,14.098713641737623,1.4689470083752227e-4,6,Fabp5
Q3TIU4,NA,NA,NA,17.362303443419464,17.796141032081305,17.476983469796572,15.91520910798614,16.839875097792447,16.873719482045765,17.362303443419464,17.796141032081305,17.476983469796572,0.04198735755771615,1.376881456493603,1.0022080858243285,2.9495688800525732,0.04198735755771615,17,Pde12
Q3TLH4,18.55337430407134,18.198684831204577,18.31061278165953,20.194963603841483,20.323995907537896,20.409970947361447,18.55337430407134,18.198684831204577,18.31061278165953,20.194963603841483,20.323995907537896,20.409970947361447,8.835595230270988e-5,4.053764187921274,1.9554195139351265,16.039322493633513,8.835595230270988e-5,11,Prrc2c
Q3U0V1,20.76514686323018,20.770480008807084,20.758167899597275,21.335545192535054,21.41410711716959,21.457587286544253,20.76514686323018,20.770480008807084,20.758167899597275,21.335545192535054,21.41410711716959,21.457587286544253,5.8904509563828555e-5,4.229851455574243,0.6378149415381174,17.771439705539393,5.8904509563828555e-5,8,Khsrp
Q3U308,NA,NA,NA,17.924279001136693,17.581450701149656,18.11156362150325,16.410204731119087,17.031359887155208,16.708094299244436,17.924279001136693,17.581450701149656,18.11156362150325,0.008201135706462184,2.0861260016533203,1.1558781354236238,4.87313116885182,0.008201135706462184,20,Ctu2
Q3UA06,NA,NA,NA,19.533550269156812,19.533417190608013,19.735159334011904,16.68836926001937,17.02639116263845,16.130155701698044,19.533550269156812,19.533417190608013,19.735159334011904,3.7927607725612034e-4,3.421044549449358,2.9857368898069545,11.065685837954865,3.7927607725612034e-4,6,Trip13
Q3UFY7,NA,NA,17.90224555631245,23.372520767353812,23.195264058898253,23.565929501020754,17.301300295443045,16.73598715433141,17.90224555631245,23.372520767353812,23.195264058898253,23.565929501020754,6.758331968949498e-5,4.170160479512587,6.0647271070619695,17.1647323219477,6.758331968949498e-5,5,Nt5c3b
Q3UMT1,NA,NA,NA,18.926655048458258,18.73568822964275,18.813374123474063,16.85335852846297,16.28801104387337,17.335249986696954,18.926655048458258,18.73568822964275,18.813374123474063,0.0028908033361777115,2.5389814527492667,1.9996992808472598,6.4995174669701985,0.0028908033361777115,8,Ppp1r12c
Q3UW53,NA,NA,NA,18.954724544373697,18.330400487381358,18.689718214723612,16.60758659490474,16.65351948544297,17.262156847952202,18.954724544373697,18.330400487381358,18.689718214723612,0.002826575006718692,2.54873948550129,1.8171934393929163,6.538976366113349,0.002826575006718692,15,Niban1
Q501J7,NA,NA,NA,19.51851101198566,19.863221372959757,20.122752178544214,16.703000096347346,16.611693316837858,17.09549852796605,19.51851101198566,19.863221372959757,20.122752178544214,1.8966716212829272e-4,3.7220078538291475,3.031430874112793,13.211052474317823,1.8966716212829272e-4,4,Phactr4
Q5EBG8,NA,NA,NA,17.973204068234,18.201224155280347,17.816346205516723,15.506103383864424,17.032504709948228,16.930936408283852,17.973204068234,18.201224155280347,17.816346205516723,0.0406261368611997,1.3911944727666083,1.507076642311521,2.982801485880436,0.0406261368611997,3,NA
Q5SQY2,NA,NA,NA,21.674997365170125,21.44521090362485,21.135646667773223,17.226533157275252,16.539076080015466,16.592885988722724,21.674997365170125,21.44521090362485,21.135646667773223,6.814297590268093e-5,4.166578904083496,4.632453236851585,17.12898019052365,6.814297590268093e-5,1,Bod1
Q5SSW2,NA,NA,NA,18.775713150383517,18.406985545280325,18.61385419786077,17.178521170261906,17.620780108304196,16.877248071675982,18.775713150383517,18.406985545280325,18.61385419786077,0.004675634125291611,2.3301594803125343,1.373334514427512,5.702047901241145,0.004675634125291611,42,Psme4
Q60598,19.66454103334579,19.42877725595433,19.492479130204064,22.340307599495908,22.16084884838291,22.154991119259112,19.66454103334579,19.42877725595433,19.492479130204064,22.340307599495908,22.16084884838291,22.154991119259112,8.518571061309907e-6,5.0696332493922736,2.690116715877913,28.91227075897426,8.518571061309907e-6,3,Cttn
Q60605,22.36797030471892,22.592132154869358,22.44012399089446,24.313474852215336,24.154450393459072,24.40969909613418,22.36797030471892,22.592132154869358,22.44012399089446,24.313474852215336,24.154450393459072,24.40969909613418,5.1922276525446294e-5,4.284646274205287,1.8257992971086168,18.346835768830243,5.1922276525446294e-5,3,Myl6
Q60631,18.6920365095907,18.275533462830953,18.474331783493803,19.221214203161495,19.556371334577122,19.509975983077794,18.6920365095907,18.275533462830953,18.474331783493803,19.221214203161495,19.556371334577122,19.509975983077794,0.004016002930939535,2.3962059789082555,0.9485532549669848,5.944883764906071,0.004016002930939535,2,Grb2
Q60749,19.890596788267867,20.15795378659456,20.432982236199955,20.757354196788967,20.90829879000133,20.7487824935825,19.890596788267867,20.15795378659456,20.432982236199955,20.757354196788967,20.90829879000133,20.7487824935825,0.01744348218410566,1.7583668139914688,0.6443008897701361,3.9066257136809135,0.01744348218410566,3,Khdrbs1
Q60865,19.64895436801443,19.804137324891585,19.390685383790846,21.03355474210991,20.943278878951908,21.35153885653255,19.64895436801443,19.804137324891585,19.390685383790846,21.03355474210991,20.943278878951908,21.35153885653255,9.828367764214824e-4,3.0075186011764004,1.4948651336325014,8.649312505374452,9.828367764214824e-4,3,Caprin1
Q60876,NA,NA,NA,19.45338317938534,19.668355258212955,19.920852929071845,16.568930876872603,16.25665976243004,16.605913475443387,19.45338317938534,19.668355258212955,19.920852929071845,5.2017192296451176e-5,4.283853093183324,3.2036957506413692,18.338377835132608,5.2017192296451176e-5,2,Eif4ebp1
Q60899,18.994132418851397,19.38321489720812,19.463895504041922,20.555248177618186,20.317496525918997,20.769673222609516,18.994132418851397,19.38321489720812,19.463895504041922,20.555248177618186,20.317496525918997,20.769673222609516,0.002902298235679791,2.537257962175655,1.2670583686817523,6.49256938395704,0.002902298235679791,5,Elavl2
Q61171,23.638541090171145,23.41892628463572,23.967808132143535,24.104136090104863,24.35682644132339,24.407690989204326,23.638541090171145,23.41892628463572,23.967808132143535,24.104136090104863,24.35682644132339,24.407690989204326,0.029373625135457014,1.532042451871119,0.6144593378940613,3.3201788513998065,0.029373625135457014,3,Prdx2
Q61206,NA,NA,NA,18.677210358799893,18.728664577579085,18.210481102466577,16.942941965234077,16.529693837299472,17.41798287512921,18.677210358799893,18.728664577579085,18.210481102466577,0.006676454539943224,2.1754541037679176,1.5752457870609327,5.164673747234851,0.006676454539943224,3,Pafah1b2
Q61584,19.386860276698336,19.881633793726103,19.820418951091472,20.456835661026208,20.285569288128674,20.609730640059222,19.386860276698336,19.881633793726103,19.820418951091472,20.456835661026208,20.285569288128674,20.609730640059222,0.014239590796467956,1.8465024908529135,0.7544075225660656,4.151790554180456,0.014239590796467956,6,Fxr1
Q61701,20.304074978310343,20.61737419447844,20.816518086069184,21.880767301219326,21.571171200583677,21.8812528999172,20.304074978310343,20.61737419447844,20.816518086069184,21.880767301219326,21.571171200583677,21.8812528999172,0.002721687655432952,2.5651617164968594,1.1984080476207453,6.605848066127275,0.002721687655432952,5,Elavl4
Q61937,23.982766632195734,23.923521175537537,23.940019602017443,24.612117978043056,24.57692438227247,24.503851935974584,23.982766632195734,23.923521175537537,23.940019602017443,24.612117978043056,24.57692438227247,24.503851935974584,7.205444790288309e-5,4.14233920513375,0.6155289621797984,16.888919864758694,7.205444790288309e-5,3,Npm1
Q61990,20.37092574779843,20.229288241367687,20.460739844555487,21.463835650697387,21.40296415825639,21.43552783985453,20.37092574779843,20.229288241367687,20.460739844555487,21.463835650697387,21.40296415825639,21.43552783985453,1.0067519045704164e-4,3.9970775401226764,1.0804579383622333,15.517612656655306,1.0067519045704164e-4,7,Pcbp2
Q62084,NA,19.91575686216627,NA,20.32223625488384,21.185920732058168,21.298548152975215,16.961187978505436,19.91575686216627,17.254306582478698,20.32223625488384,21.185920732058168,21.298548152975215,0.04308735180497482,1.3656501972977728,2.8918179055889404,2.92362004489041,0.04308735180497482,2,Ppp1r14b
Q62418,19.097795535955044,18.910467066970305,NA,20.328056902764718,20.156720081165446,20.534405481127713,19.097795535955044,18.910467066970305,16.931780635329467,20.328056902764718,20.156720081165446,20.534405481127713,0.04461407051670773,1.3505281506141007,2.026379742267686,2.888857712272863,0.04461407051670773,5,Dbnl
Q62426,22.26026144608996,22.15103140828133,22.317303299822864,23.996796192099794,23.97298679541183,24.25428992835638,22.26026144608996,22.15103140828133,22.317303299822864,23.996796192099794,23.97298679541183,24.25428992835638,5.744155462127988e-5,4.240773814686599,1.8318255872246176,17.88470556329164,5.744155462127988e-5,2,Cstb
Q63810,NA,NA,NA,19.75210292716447,19.311766050623728,19.435466797943718,16.863968274859488,16.007155278371172,17.650941528467868,19.75210292716447,19.311766050623728,19.435466797943718,0.005692859279410664,2.2446695512895882,2.659090231344461,5.399827832005237,0.005692859279410664,2,Ppp3r1
Q63829,NA,NA,NA,18.931568569324174,19.018216482079364,19.179909090014934,16.80769078190713,17.131428485880082,17.22864842172646,18.931568569324174,19.018216482079364,19.179909090014934,1.7135664038307218e-4,3.766099061202907,1.9873088173015994,13.55703823408486,1.7135664038307218e-4,5,Commd3
Q63850,NA,NA,NA,19.72788390291943,19.930558329170232,19.525505515859322,16.712791512092654,16.581865769333902,17.197122096685924,19.72788390291943,19.930558329170232,19.525505515859322,1.9423878033476307e-4,3.711664057620617,2.8973894566121707,13.131124577158676,1.9423878033476307e-4,2,Nup62
Q63918,19.248177753651998,19.317916013495918,19.732031583508302,21.14892338300661,21.16472037276347,21.23853069346463,19.248177753651998,19.317916013495918,19.732031583508302,21.14892338300661,21.16472037276347,21.23853069346463,3.3676337871626827e-4,3.472675141893812,1.7513496995261626,11.408420333731472,3.3676337871626827e-4,1,Cavin2
Q64213,19.292550810692802,19.254258206163737,19.36924375133825,20.144075654618653,20.256263982913396,20.140335516745587,19.292550810692802,19.254258206163737,19.36924375133825,20.144075654618653,20.256263982913396,20.140335516745587,6.714898057745603e-5,4.172960576188806,0.8748741286942838,17.192734354740818,6.714898057745603e-5,8,Sf1
Q64337,NA,NA,NA,21.164045140522664,20.59030561155911,20.988984181751416,16.201535566766736,17.74989026102131,16.54195110243943,21.164045140522664,20.59030561155911,20.988984181751416,0.0012193867279996537,2.9138585362190375,4.083319334535236,8.174662863794213,0.0012193867279996537,13,Sqstm1
Q64520,18.416665599935456,NA,NA,18.930240678963287,19.361618281024448,18.875887308775432,18.416665599935456,17.58719229817611,17.51439052472649,18.930240678963287,19.361618281024448,18.875887308775432,0.020603917158986167,1.6860502049314077,1.2164992819750395,3.7127814448804926,0.020603917158986167,2,Guk1
Q6A065,17.893265975043853,18.841656478753386,18.745044005034462,20.503973216714506,20.34624534975106,20.761418129168863,17.893265975043853,18.841656478753386,18.745044005034462,20.503973216714506,20.34624534975106,20.761418129168863,0.0032548716677004022,2.487466130016921,2.0438900789342433,6.294558581629084,0.0032548716677004022,10,Cep170
Q6IR34,NA,NA,NA,18.910964724677164,19.047134565245777,18.960703373377196,16.40235679498343,16.72030251805373,17.287135379540523,18.910964724677164,19.047134565245777,18.960703373377196,0.0011572733651503474,2.9365640421256853,2.1696693235741513,8.287499210257327,0.0011572733651503474,10,Gpsm1
Q6IRU2,20.381314808345184,20.712634467760136,20.611622817569238,21.823609808585147,21.935386654451158,21.744518528779924,20.381314808345184,20.712634467760136,20.611622817569238,21.823609808585147,21.935386654451158,21.744518528779924,3.564175696221772e-4,3.448040895538958,1.2659809660472234,11.2436553952038,3.564175696221772e-4,2,Tpm4
Q6NXJ0,18.932606935986456,18.69135504478462,18.349920457109693,20.658051056589223,20.240045945919135,19.993966633122653,18.932606935986456,18.69135504478462,18.349920457109693,20.658051056589223,20.240045945919135,19.993966633122653,0.003106742249838488,2.5076947763929955,1.6393937325834145,6.374373316552848,0.003106742249838488,17,Wwc2
Q6P1F6,18.45149286069386,19.080905986546902,19.70989491193929,20.06486904555395,20.029718590416184,20.554967251701438,18.45149286069386,19.080905986546902,19.70989491193929,20.06486904555395,20.029718590416184,20.554967251701438,0.04719389225727738,1.326114203285371,1.1357537094971732,2.833153448021028,0.04719389225727738,9,Ppp2r2a
Q6P5G6,NA,NA,NA,18.257047092458784,18.254188991685858,18.204857668040994,17.156615360100414,15.77965381578841,16.9859766240534,18.257047092458784,18.254188991685858,18.204857668040994,0.021119118672913575,1.6753242094089027,1.5979493174144679,3.684567398879241,0.021119118672913575,7,Ubxn7
Q6P9P6,NA,18.100261945430017,NA,19.760557531191022,19.782303995686053,19.704670314950278,16.295536606802603,18.100261945430017,17.087127461370766,19.760557531191022,19.782303995686053,19.704670314950278,0.007757467992114976,2.11028000767116,2.588201942741321,4.950675559772539,0.007757467992114976,18,Kif11
Q6PAM1,17.84873295737872,17.881603923335906,18.097435498687403,19.06439543553463,19.1458923533741,19.581377141173046,17.84873295737872,17.881603923335906,18.097435498687403,19.06439543553463,19.1458923533741,19.581377141173046,0.0017741479000771443,2.751010178467102,1.3212975168932495,7.405100029038397,0.0017741479000771443,8,Txlna
Q6PDH0,NA,NA,NA,18.141508470042368,17.801834639720155,18.050698944430025,16.550251034352883,17.438590583565997,16.567264675894002,18.141508470042368,17.801834639720155,18.050698944430025,0.020981756885416713,1.6781581494267228,1.1459785867932233,3.692008703287821,0.020981756885416713,16,Phldb1
Q6PDM2,21.822909980756293,20.704552121462278,20.486697563124483,22.176972957955243,22.300281053052505,22.273924190940377,21.822909980756293,20.704552121462278,20.486697563124483,22.176972957955243,22.300281053052505,22.273924190940377,0.040047570303568585,1.3974238275388435,1.2456728455350223,2.997322994578428,0.040047570303568585,2,Srsf1
Q6PGH2,NA,NA,NA,20.36271010468536,20.301174639356013,20.915975634634787,17.224262321557113,16.74098451343183,16.558010900445176,20.36271010468536,20.301174639356013,20.915975634634787,1.891161731633564e-4,3.7232713288215367,3.6855342144140124,13.220847550334359,1.891161731633564e-4,1,Jpt2
Q6ZQ58,19.078093460801618,18.990314518841164,19.22684490629546,21.020252940857567,20.68097411496493,21.0038802093466,19.078093460801618,18.990314518841164,19.22684490629546,21.020252940857567,20.68097411496493,21.0038802093466,1.5783393011230634e-4,3.801799629285387,1.8032847930769513,13.843569110756572,1.5783393011230634e-4,7,Larp1
Q7TMK9,19.8672847734524,20.038050899794154,20.334399871773318,20.822598837165096,20.913567310917507,20.974563032942587,19.8672847734524,20.038050899794154,20.334399871773318,20.822598837165096,20.913567310917507,20.974563032942587,0.0045559791664697095,2.341418270525319,0.8236645453351059,5.742855072072616,0.0045559791664697095,4,Syncrip
Q7TNE3,NA,17.696560081174137,NA,19.58882441440878,19.65735334406643,19.932289736567828,17.208583883005293,17.696560081174137,16.64061518698481,19.58882441440878,19.65735334406643,19.932289736567828,0.0013986841428623123,2.854280348767315,2.5442361146262655,7.885164995016977,0.0013986841428623123,2,Spag7
Q7TPE5,NA,NA,NA,19.681180064698097,18.4587990841515,19.205836195199552,17.150757925811373,17.706874286137175,17.49472906604682,19.681180064698097,18.4587990841515,19.205836195199552,0.013076519433169573,1.8835078364490596,1.6644846886845919,4.257798231377024,0.013076519433169573,5,Slc7a6os
Q7TPM1,NA,NA,NA,18.482902469815297,18.268697328731843,18.89222854469598,17.08612094433675,16.933623289493887,16.639835799195414,18.482902469815297,18.268697328731843,18.89222854469598,0.0017922052127289471,2.746612263840637,1.661416103405692,7.385247183729174,0.0017922052127289471,8,Prrc2b
Q7TQH0,19.81257531067215,19.47231006370521,19.70051083782894,21.426803223871485,21.379993828304453,21.63710419784539,19.81257531067215,19.47231006370521,19.70051083782894,21.426803223871485,21.379993828304453,21.63710419784539,1.4036115118428783e-4,3.852753078537754,1.8195016792716778,14.262674685853684,1.4036115118428783e-4,5,Atxn2l
Q7TQI3,20.666397393229552,20.946138108032038,21.026547756671317,21.28144334310246,21.67938559823584,21.46493256766399,20.666397393229552,20.946138108032038,21.026547756671317,21.28144334310246,21.67938559823584,21.46493256766399,0.019835706847423785,1.7025523187862006,0.5955594170231286,3.756456017577686,0.019835706847423785,4,Otub1
Q7TSC1,16.56015368049312,NA,16.548415551522627,20.415448823138277,18.830713256951874,20.29288777088139,16.56015368049312,17.548079435854536,16.548415551522627,20.415448823138277,18.830713256951874,20.29288777088139,0.00819058717567057,2.086684962951083,2.9608003943670873,4.874915094906386,0.00819058717567057,10,Prrc2a
Q7TSJ2,NA,16.86628886431749,NA,17.588641445056876,17.999042082652487,18.1433034872599,17.044555818027533,16.86628886431749,16.13676313637612,17.588641445056876,17.999042082652487,18.1433034872599,0.019200778265727057,1.7166811676682936,1.2277930654160407,3.7941093633271934,0.019200778265727057,5,Map6
Q80TH2,NA,NA,NA,18.83043474140777,18.403785972599824,18.26810333561092,15.754458068702627,16.638573771277336,15.409040519431551,18.83043474140777,18.403785972599824,18.26810333561092,0.003128134206937833,2.504714622593583,2.5667505634023318,6.362560955412237,0.003128134206937833,16,Erbin
Q80TY0,NA,NA,NA,20.474767469517506,20.149543710247062,20.351323174809785,16.518178381339087,16.65187949032077,17.05275455592643,20.474767469517506,20.149543710247062,20.351323174809785,4.3196873885032925e-5,4.364547681509275,3.5842739756626862,19.218751062327396,4.3196873885032925e-5,7,Fnbp1
Q80U72,NA,18.38540744328497,17.767460313915674,19.2163195788584,18.61453731765166,19.334552633752423,17.086670645796662,18.38540744328497,17.767460313915674,19.2163195788584,18.61453731765166,19.334552633752423,0.03996959467612151,1.398270255813359,1.3086237090883905,2.9992988693393015,0.03996959467612151,21,Scrib
Q80U78,NA,NA,16.97297978606629,18.42587152477892,17.79067939886848,18.570003904064325,17.030049005648763,16.445052867328798,16.97297978606629,18.42587152477892,17.79067939886848,18.570003904064325,0.008851975302604594,2.052959806443549,1.4461577228892892,4.768166089353821,0.008851975302604594,12,Pum1
Q80UG5,20.35487780656656,20.846056555241987,20.980990235658325,21.480695549523443,21.44253048860155,21.59855233939083,20.35487780656656,20.846056555241987,20.980990235658325,21.480695549523443,21.44253048860155,21.59855233939083,0.016397586284412128,1.7852200751540583,0.7799512600163183,3.9802583471579758,0.016397586284412128,6,Septin9
Q80UY2,NA,NA,NA,17.819343365736103,17.406072105502506,18.035314609824393,16.881279322837187,16.316543650050296,16.7034175606734,17.819343365736103,17.406072105502506,18.035314609824393,0.010804689091363479,1.9663877255736975,1.1198298491673704,4.502157334291408,0.010804689091363479,12,Kcmf1
Q80VJ3,NA,NA,NA,21.028842248285578,20.939122905462447,20.893932500831124,16.139796931411247,16.73446631823147,16.804822333267474,21.028842248285578,20.939122905462447,20.893932500831124,3.360716590398025e-5,4.473568110088071,4.3942706905563185,20.474391771756473,3.360716590398025e-5,4,Dnph1
Q80XI4,NA,NA,NA,19.118905596844417,18.949005935404756,19.392321615873488,17.308816819339953,16.2651859094314,16.823024461482916,19.118905596844417,18.949005935404756,19.392321615873488,0.0019948676611125874,2.700085909979693,2.3544019859561303,7.178087179694629,0.0019948676611125874,7,Pip4k2b
Q80Y14,NA,NA,NA,19.24551092661652,18.964515733423305,19.28877146988295,17.331075044127402,16.709736631274037,15.646511109362846,19.24551092661652,18.964515733423305,19.28877146988295,0.006585795353278527,2.181391768662486,2.603825115052828,5.184522883576786,0.006585795353278527,2,Glrx5
Q80YN3,NA,NA,NA,19.575184674668517,19.391734464000606,19.6958977374296,16.91561069598562,15.76161571370325,16.32265316664113,19.575184674668517,19.391734464000606,19.6958977374296,7.303726349388604e-4,3.1364555069930438,3.2209790999229106,9.344119018047445,7.303726349388604e-4,8,Bcas1
Q810U5,NA,NA,NA,21.380733726136352,20.56076196618636,20.590488369988655,17.417852431973706,17.0545081038152,17.298680193385323,21.380733726136352,20.56076196618636,20.590488369988655,2.423082191736721e-4,3.6156318542024404,3.586981111045713,12.410922534385822,2.423082191736721e-4,3,Ccdc50
Q8BFY7,NA,NA,NA,18.557269231006224,18.45161359336399,18.515953876582586,16.682224325451994,16.264618698839545,17.55578467889428,18.557269231006224,18.45161359336399,18.515953876582586,0.011814199231088125,1.9275957096054916,1.6740696659223246,4.386567190904152,0.011814199231088125,5,Pimreg
Q8BGD9,19.6885235209588,19.345032673352172,19.78676097728333,21.252342046270044,20.933226715369855,21.365649636598604,19.6885235209588,19.345032673352172,19.78676097728333,21.252342046270044,20.933226715369855,21.365649636598604,0.0010664184892583944,2.9720723338555572,1.576967075548069,8.466800928227025,0.0010664184892583944,3,Eif4b
Q8BH58,18.39928627032341,17.850809480952442,18.103646388323547,19.477497411996474,19.35393076079347,19.18841015896287,18.39928627032341,17.850809480952442,18.103646388323547,19.477497411996474,19.35393076079347,19.18841015896287,0.002420233099228892,2.6161428039230232,1.2220320640511382,6.8172177816861845,0.002420233099228892,3,Tiprl
Q8BHK9,NA,NA,NA,19.02334286321899,18.79867429882683,19.213260885446623,16.371916052652608,17.182528872779642,17.28984340268489,19.02334286321899,18.79867429882683,19.213260885446623,0.002759093138542907,2.5592336388203787,2.0636632397917687,6.581641294104141,0.002759093138542907,14,Ercc6l
Q8BHL8,NA,NA,19.107687052097276,20.962893181923924,20.675988034899316,21.020252940857567,17.711070229177963,16.429431678000427,19.107687052097276,20.962893181923924,20.675988034899316,21.020252940857567,0.01588723697092749,1.7989516265572354,3.1369817328017113,4.018266866335301,0.01588723697092749,3,Psmf1
Q8BHS3,NA,NA,NA,18.622709624456334,18.623067001415947,18.4498821255603,16.53823967312628,16.52523468764084,16.546041572600036,18.622709624456334,18.623067001415947,18.4498821255603,3.98323800065678e-6,5.399763743481737,2.0287142726884753,34.985517829084436,3.98323800065678e-6,13,Rbm22
Q8BI84,17.890537416879933,17.779629594233878,NA,19.142406257823666,18.623888632616186,19.14773160649643,17.890537416879933,17.779629594233878,16.550671541357413,19.142406257823666,18.623888632616186,19.14773160649643,0.02784423029352467,1.5552647829419424,1.564395981488353,3.3777146431037117,0.02784423029352467,11,Mia3
Q8BIA4,NA,NA,NA,18.404492982392007,18.799559892337886,18.731020648714985,16.58706585682823,17.478284071426394,16.38093858191944,18.404492982392007,18.799559892337886,18.731020648714985,0.006938580467720591,2.1587293707691324,1.8295950044236058,5.109084547817993,0.006938580467720591,10,Fbxw8
Q8BIQ5,NA,19.510922525660785,19.156621339140468,22.491378499032184,22.529767006996163,22.450154063275413,16.53962475093724,19.510922525660785,19.156621339140468,22.491378499032184,22.529767006996163,22.450154063275413,0.012046256159790809,1.9191479059337606,4.088043651188421,4.361681489275696,0.012046256159790809,2,Cstf2
Q8BJU0,18.516030849054506,18.8674054430082,18.87636705772829,19.855014437054976,20.042332691223983,19.66861495215061,18.516030849054506,18.8674054430082,18.87636705772829,19.855014437054976,20.042332691223983,19.66861495215061,0.0023485287599850453,2.6292041170960925,1.102052910212855,6.872304679327929,0.0023485287599850453,4,Sgta
Q8BK64,19.73747182226462,20.124520187394022,20.275487995692362,20.946709274483162,20.755236419135468,20.728415471985635,19.73747182226462,20.124520187394022,20.275487995692362,20.946709274483162,20.755236419135468,20.728415471985635,0.011838295846539412,1.9267108109333417,0.7642937200844209,4.383955679624732,0.011838295846539412,4,Ahsa1
Q8BLJ3,19.85998058539047,19.722057043879097,20.423780691742632,20.509686100948112,21.0102467118277,20.699308104869754,19.85998058539047,19.722057043879097,20.423780691742632,20.509686100948112,21.0102467118277,20.699308104869754,0.0467379322860322,1.3303305049654015,0.737807532211125,2.8427371859621067,0.0467379322860322,1,Plcxd3
Q8BMK0,NA,NA,NA,20.016585242812887,19.538238199440865,19.797186543669437,16.609897928495204,16.00523891064252,17.615391107986362,20.016585242812887,19.538238199440865,19.797186543669437,0.00341885134220479,2.466119782696752,3.040494012933035,6.211254777283586,0.00341885134220479,14,Cep85
Q8BNU0,NA,NA,NA,19.123863751292554,18.30550069848778,19.19036485074553,17.47482135079907,16.374356200773548,16.70535303810184,19.123863751292554,18.30550069848778,19.19036485074553,0.009499892852326722,2.022281293017013,2.021732903617135,4.672600794573537,0.009499892852326722,16,Armc6
Q8BT07,NA,NA,NA,19.49376946775703,19.382117373350784,19.167785633426394,16.409848124812363,16.389354204729436,15.695791076083227,19.49376946775703,19.382117373350784,19.167785633426394,2.312580077222751e-4,3.6359032201051025,3.1828930229697256,12.559719375519455,2.312580077222751e-4,6,Cep55
Q8BTW3,NA,NA,NA,19.555510325795634,19.796806445296532,19.447946866572888,16.72590618877749,17.042889102864883,16.637067507863875,19.555510325795634,19.796806445296532,19.447946866572888,6.37865251414588e-5,4.195271055993364,2.798133612719603,17.41744941780978,6.37865251414588e-5,6,Exosc6
Q8BWZ3,NA,NA,NA,19.242094832126234,18.561265566986627,19.40561516864348,16.516201592106302,17.647957237649216,16.72936228756943,19.242094832126234,18.561265566986627,19.40561516864348,0.008262249282139665,2.0829017059674597,2.1051514834771297,4.8628505398211095,0.008262249282139665,18,Naa25
Q8C156,18.280435498832922,17.6451236265655,NA,19.28181685931414,19.25005317295963,20.29322465238692,18.280435498832922,17.6451236265655,16.521192666394942,19.28181685931414,19.25005317295963,20.29322465238692,0.026282010205207214,1.5803414204044486,2.1261142976224434,3.440487883532051,0.026282010205207214,12,Ncaph
Q8C181,NA,NA,NA,19.792126203910538,19.463416607743127,19.77739980866101,16.860192448831263,15.537070674626762,17.23201323317136,19.792126203910538,19.463416607743127,19.77739980866101,0.003963792002803011,2.4018891428862874,3.1345554212284306,5.966173305022957,0.003963792002803011,13,Mbnl2
Q8C5H8,NA,NA,NA,18.1705510353167,18.255203804712085,18.257507546644007,16.3525534456578,15.940805347046748,15.992979687317527,18.1705510353167,18.255203804712085,18.257507546644007,8.734860226093599e-5,4.058744040139773,2.1323079688835698,16.085961907790086,8.734860226093599e-5,9,Nadk2
Q8C5L3,NA,NA,NA,20.052716625799484,19.549826022126695,19.693687726211756,16.767622677383226,17.000000134331184,15.662657022344613,20.052716625799484,19.549826022126695,19.693687726211756,0.001695545725551994,2.7706904936552017,3.288650180026302,7.494521681654668,0.001695545725551994,3,Cnot2
Q8C650,NA,NA,NA,20.03657609408515,19.954752938572437,20.21702997446121,16.506351069644946,17.849415024825444,17.37771158155316,20.03657609408515,19.954752938572437,20.21702997446121,0.002139257436070665,2.6697369497260275,2.8249604436984157,7.045733757559328,0.002139257436070665,14,Septin10
Q8C7E9,NA,NA,NA,19.486245821734194,19.38890019480919,19.34739212321987,17.044178261494597,16.741233667683854,16.882021355679584,19.486245821734194,19.38890019480919,19.34739212321987,1.2924244687727627e-5,4.888594828314255,2.5183682849684033,26.038860426685694,1.2924244687727627e-5,4,Cstf2t
Q8C8U0,NA,17.76933423782081,17.36196090289648,20.40124619914136,20.214542057945764,20.30708071002792,16.376646452610068,17.76933423782081,17.36196090289648,20.40124619914136,20.214542057945764,20.30708071002792,0.0016676236974373082,2.7779019420459,3.1383091245958923,7.5275280331334145,0.0016676236974373082,11,Ppfibp1
Q8CAY6,NA,NA,NA,18.64209401166277,19.006019201416457,18.682157924636847,17.060858357449924,17.497977350889897,17.29445412350945,18.64209401166277,19.006019201416457,18.682157924636847,9.485189167100896e-4,3.0229540033721713,1.4923271019556026,8.729908308287854,9.485189167100896e-4,8,Acat2
Q8CHC4,NA,NA,NA,18.640435599365595,18.009577155818093,18.691048280572673,16.925632786954754,16.858497809465117,17.351146110444187,18.640435599365595,18.009577155818093,18.691048280572673,0.00638240072114478,2.1950159319634817,1.4019281096307665,5.23029438184593,0.00638240072114478,23,Synj1
Q8K183,NA,NA,NA,22.034931920516872,22.05573124816003,21.88061785334631,16.55298341458057,17.944402755707333,17.99363245370601,22.034931920516872,22.05573124816003,21.88061785334631,6.990414002729987e-4,3.155497102683964,4.493420799343099,9.45099303030221,6.990414002729987e-4,5,Pdxk
Q8K268,NA,NA,NA,19.67322969975133,19.21112306640291,19.384269421808018,16.203397874026205,15.72674686024783,17.002719815990094,19.67322969975133,19.21112306640291,19.384269421808018,0.0014154922092362706,2.849092516616793,3.1119192125660398,7.86039966346361,0.0014154922092362706,7,Abcf3
Q8K298,19.97715132934381,19.857598360087866,19.917913967413885,20.95773122381385,20.81839181764819,21.220222432929344,19.97715132934381,19.857598360087866,19.917913967413885,20.95773122381385,20.81839181764819,21.220222432929344,9.165824413610739e-4,3.0378284666341466,1.0812272725152745,8.808226355030563,9.165824413610739e-4,26,Anln
Q8K2D3,17.104926303807776,16.796521305784047,16.862056133469462,18.351689814555456,18.00886626655775,17.332019060195133,17.104926303807776,16.796521305784047,16.862056133469462,18.351689814555456,18.00886626655775,17.332019060195133,0.03586305366667772,1.4453527339003034,0.9763571327490155,3.1102546078788937,0.03586305366667772,12,Edc3
Q8K2F8,NA,NA,NA,20.60521544157872,20.499697985824664,18.8470818215732,17.910603102929045,16.28446670453333,16.79571831803824,20.60521544157872,20.499697985824664,18.8470818215732,0.01598078859999057,1.796401793471718,2.9870690411586587,4.011190609094363,0.01598078859999057,4,Lsm14a
Q8N9S3,19.358552479211703,19.575517088627002,19.394667836672276,21.52812212206668,21.014134920395588,20.704214372416867,19.358552479211703,19.575517088627002,19.394667836672276,21.52812212206668,21.014134920395588,20.704214372416867,0.002775451095345463,2.556666420722221,1.639244670122718,6.571181994474778,0.002775451095345463,6,Ahsa2
Q8R050,21.545948616880423,21.62631506990208,21.66739398397785,22.136585657484343,22.152177129390104,22.462762857261563,21.545948616880423,21.62631506990208,21.66739398397785,22.136585657484343,22.152177129390104,22.462762857261563,0.004719077399384583,2.3261428995695392,0.6372893244585498,5.6875475675062646,0.004719077399384583,14,Gspt1
Q8R1Q8,19.33225950390454,19.357135293399423,19.464733190239556,20.31218720750155,20.177429271164527,20.116800823554335,19.33225950390454,19.357135293399423,19.464733190239556,20.31218720750155,20.177429271164527,20.116800823554335,3.181523225427178e-4,3.4973649020244735,0.8174297715589631,11.575857471870416,3.181523225427178e-4,5,Dync1li1
Q8R3G1,19.402662362069126,19.070828488354774,19.27691952266894,20.265793577738606,19.98537501301997,20.05933389747272,19.402662362069126,19.070828488354774,19.27691952266894,20.265793577738606,19.98537501301997,20.05933389747272,0.0026336727054808093,2.5794381971174003,0.8533640383794854,6.6644598086546125,0.0026336727054808093,3,Ppp1r8
Q8R3V5,NA,NA,NA,18.363202225531943,18.72683680360011,18.599469775218456,16.744520658327346,17.24735215757119,17.556325155413557,18.363202225531943,18.72683680360011,18.599469775218456,0.00600255946475249,2.2216635288826043,1.3804369443461404,5.3207427660775926,0.00600255946475249,4,Sh3glb2
Q8R409,NA,NA,NA,17.660664477461278,17.638563185032826,18.15827437727358,16.03462077068536,16.610694847850016,17.33343419256449,17.660664477461278,17.638563185032826,18.15827437727358,0.04818385947308431,1.3170984164436739,1.1595840762226075,2.812710771893422,0.04818385947308431,3,Hexim1
Q8R570,NA,NA,NA,18.086281383106332,18.18761304315062,17.973764621157432,16.16720800514741,15.441779419058307,16.2586739273035,18.086281383106332,18.18761304315062,17.973764621157432,0.00132108169277748,2.8790703257424104,2.1266658986350553,8.004478624808602,0.00132108169277748,4,Snap47
Q8VCI5,NA,NA,NA,18.471794269919712,18.457356829679327,18.624674103109246,16.242600229516317,16.76308669489164,16.53163876547336,18.471794269919712,18.457356829679327,18.624674103109246,2.3190120359893972e-4,3.6346969973084486,2.0054998376089905,12.550817762349283,2.3190120359893972e-4,4,Pex19
Q8VD37,NA,NA,NA,20.103159722555777,19.884871062733176,19.7150336053306,16.930625565307587,16.55099221140354,17.349169365629983,20.103159722555777,19.884871062733176,19.7150336053306,3.2273555611983567e-4,3.491153185274775,2.95742574942615,11.533513113627775,3.2273555611983567e-4,8,Sgip1
Q91V12,21.67245296684183,21.771769929018983,21.82018519639232,22.37819535218278,22.369355590433816,22.41632541825416,21.67245296684183,21.771769929018983,21.82018519639232,22.37819535218278,22.369355590433816,22.41632541825416,1.588082694851372e-4,3.7991268866806105,0.6331560895392059,13.821916899281872,1.588082694851372e-4,8,Acot7
Q91VU7,NA,NA,NA,20.31218720750155,19.812481303610372,20.110697398096328,17.08824008735098,16.812204567896895,16.127151046127544,20.31218720750155,19.812481303610372,20.110697398096328,4.453656554986032e-4,3.351283276755364,3.402590069277611,10.618060474271914,4.453656554986032e-4,7,Pus7
Q91VX2,18.688455222852845,18.729627381379352,17.928159785078265,20.4871884259923,20.121487987225247,20.801282079579558,18.688455222852845,18.729627381379352,17.928159785078265,20.4871884259923,20.121487987225247,20.801282079579558,0.0034536016174438046,2.4617277609562724,2.021238701162215,6.194231148724543,0.0034536016174438046,7,Ubap2
Q91WE2,NA,NA,NA,18.966939105482556,18.988235327695904,18.959628445158337,16.50699907296494,17.5809770555114,16.343979765990554,18.966939105482556,18.988235327695904,18.959628445158337,0.005097719380870766,2.292624075240558,2.1609489946233005,5.5677103675321336,0.005097719380870766,4,Psme3ip1
Q91WU5,18.271162070289574,18.634031080848427,18.602155142555446,21.385165162078756,20.782287996051572,20.98620869986252,18.271162070289574,18.634031080848427,18.602155142555446,21.385165162078756,20.782287996051572,20.98620869986252,2.7273226580235206e-4,3.564263479473178,2.548771188099799,12.041384948691862,2.7273226580235206e-4,12,As3mt
Q91Z38,NA,NA,NA,19.07965665196951,18.54238200186023,19.092075762428845,16.92088864700578,17.00210916080811,16.748272607969028,19.07965665196951,18.54238200186023,19.092075762428845,5.060065106550919e-4,3.295843895169313,2.014281333491887,10.274571600680055,5.060065106550919e-4,8,Ttc1
Q91Z67,NA,NA,NA,19.13352856815846,18.974240919956635,19.190726540252342,17.415002915803807,16.704960939468414,16.379524025085566,19.13352856815846,18.974240919956635,19.190726540252342,0.001919152166652577,2.7168905893512507,2.2663360493365516,7.252310399680389,0.001919152166652577,21,Srgap2
Q921W4,17.922596016324835,17.619560884029877,17.348365083771693,18.660838537308372,18.54958163932954,19.18935163745844,17.922596016324835,17.619560884029877,17.348365083771693,18.660838537308372,18.54958163932954,19.18935163745844,0.010515113088408504,1.9781860521828265,1.169749943323314,4.537747989445104,0.010515113088408504,6,Cryzl1
Q922U1,NA,NA,NA,18.256678623270336,18.354748700562546,18.010779401755077,15.542718569978941,17.15535493815449,16.48159001061853,18.256678623270336,18.354748700562546,18.010779401755077,0.01926952932210099,1.715128893300477,1.8141810689453344,3.789960742446606,0.01926952932210099,3,Prpf3
Q99020,22.130439848841995,22.260290164726,22.26739479326467,22.921978913752866,23.283338221348252,23.158000030031584,22.130439848841995,22.260290164726,22.26739479326467,22.921978913752866,23.283338221348252,23.158000030031584,0.0014243492627335807,2.846383504884954,0.9017307861000106,7.847495381141231,0.0014243492627335807,2,Hnrnpab
Q99J09,NA,NA,NA,19.339758683576655,19.323094353668388,19.110238598588282,17.098416338344645,16.43738996023319,16.427518114569573,19.339758683576655,19.323094353668388,19.110238598588282,3.7132110123553713e-4,3.430250370219673,2.6032557408953068,11.126071626720217,3.7132110123553713e-4,12,Wdr77
Q99J99,NA,NA,NA,20.218449717112335,19.720588295113338,19.651952113222304,16.656709575314228,16.417746601741317,17.20058999550851,20.218449717112335,19.720588295113338,19.651952113222304,4.4519766529103124e-4,3.3514471218617694,3.105314650961308,10.619091462219417,4.4519766529103124e-4,4,Mpst
Q99KJ8,18.585270660717637,18.895516115524362,18.52867539412876,19.80278139358169,19.607474807218697,19.376892702477807,18.585270660717637,18.895516115524362,18.52867539412876,19.80278139358169,19.607474807218697,19.376892702477807,0.005264254587552895,2.278663115728491,0.9258955776358135,5.518406265688331,0.005264254587552895,2,Dctn2
Q99L47,20.818859870547577,21.084206308975286,21.05900375375154,21.621628019900296,21.681832044962196,21.85410896953969,20.818859870547577,21.084206308975286,21.05900375375154,21.621628019900296,21.681832044962196,21.85410896953969,0.0026113671049410175,2.583132070941047,0.7318330337092611,6.67969777529705,0.0026113671049410175,3,St13
Q99LJ0,NA,NA,17.66059484764197,19.350546453516372,19.297171530125617,19.622530902773203,16.498880804577457,17.17391018653351,17.66059484764197,19.350546453516372,19.297171530125617,19.622530902773203,0.0027661991407531886,2.558116557915403,2.3122876825540857,6.5770883512425895,0.0027661991407531886,8,Cttnbp2nl
Q99LN9,NA,19.236827048920954,19.13352856815846,20.86733002571861,21.657004361229486,21.820691617046688,17.244874094726256,19.236827048920954,19.13352856815846,20.86733002571861,21.657004361229486,21.820691617046688,0.014956693003227084,1.8251644204565152,2.909932097396368,4.091503641152016,0.014956693003227084,7,Dohh
Q99LS3,20.47615286852461,20.45161359336399,20.438576647077273,21.738470001673953,20.82026311883372,21.23864730786399,20.47615286852461,20.45161359336399,20.438576647077273,21.738470001673953,20.82026311883372,21.23864730786399,0.038007803744622204,1.4201272250864219,0.8103457731352606,3.0505495522795805,0.038007803744622204,4,Psph
Q99LX0,NA,NA,NA,21.047134565245777,21.275374321576486,21.455933193204043,17.033982330162665,17.77733451166342,15.73217457453235,21.047134565245777,21.275374321576486,21.455933193204043,0.0019305727326694398,2.7143138320601494,4.411650221222626,7.240885572311517,0.0019305727326694398,4,Park7
Q99MD9,NA,NA,NA,19.28333256869719,19.71318846910921,19.98495798886881,16.141203080821985,16.03266755505416,16.82473667768649,19.28333256869719,19.71318846910921,19.98495798886881,4.901368523008602e-4,3.3096826426226222,3.32762390437086,10.35932016440737,4.901368523008602e-4,5,Nasp
Q99MR6,NA,NA,NA,17.493574036234413,18.324567332846815,17.60255389239654,17.189427891403554,16.664417321707496,16.979278889577287,17.493574036234413,18.324567332846815,17.60255389239654,0.04615383490321123,1.3357922077884605,0.8625237195964779,2.8551742273829515,0.04615383490321123,8,Srrt
Q99NH0,NA,NA,NA,18.8612383907169,18.77465195501321,19.342669358409587,16.348366384134945,16.588287926984528,16.669563880931857,18.8612383907169,18.77465195501321,19.342669358409587,2.583731770282715e-4,3.587752574551807,2.4574471706961205,12.209037138036322,2.583731770282715e-4,34,Ankrd17
Q99NH2,18.598270633121857,NA,18.072530412846522,19.60201011528374,19.776114914579182,19.361875255056457,18.598270633121857,17.453676368045798,18.072530412846522,19.60201011528374,19.776114914579182,19.361875255056457,0.011949772495182392,1.9226403629189752,1.5385076236350663,4.371957339147493,0.011949772495182392,12,Pard3
Q99PG2,17.882977321587035,18.054466536379174,17.928911565254875,19.25148703368705,18.35367236765113,19.130364431552405,17.882977321587035,18.054466536379174,17.928911565254875,19.25148703368705,18.35367236765113,19.130364431552405,0.028696188760246027,1.5421757795832876,0.9563894698898352,3.3452156036519076,0.028696188760246027,10,Ogfr
Q9CPR7,NA,NA,NA,18.903687706988013,18.777223203566727,18.79914879152668,15.654218169010791,17.13280274300359,16.320093396219953,18.903687706988013,18.777223203566727,18.79914879152668,0.004608831237047492,2.336409194275328,2.457648464615694,5.724670333961453,0.004608831237047492,3,Sike1
Q9CPT5,NA,NA,NA,20.763607901976147,20.561321511781305,21.191232753272825,16.515035090855886,17.202780418010377,16.347316930699098,20.763607901976147,20.561321511781305,21.191232753272825,2.0613327238909506e-4,3.685851902210511,4.150343242488304,12.933694381247177,2.0613327238909506e-4,1,Nop16
Q9CPV5,NA,NA,NA,20.154743955468735,20.113370824483116,20.05655833930284,16.56378411702186,17.509369864607937,17.00971419689357,20.154743955468735,20.113370824483116,20.05655833930284,0.00035950503638107793,3.444295021116454,3.0806016469104414,11.218800064607393,0.00035950503638107793,3,Pmf1
Q9CQ48,NA,NA,NA,19.336515276763816,19.284123724426607,20.046601812270413,17.01683556142736,16.668624142713202,16.155661134137326,19.336515276763816,19.284123724426607,20.046601812270413,0.00110518073439577,2.9565666943477575,2.942039991727647,8.388074070777499,0.00110518073439577,3,Nudcd2
Q9CQ65,19.832923999950037,20.028100312017802,20.22317212735474,21.244001406133393,21.00785401213309,21.076919954896795,19.832923999950037,20.028100312017802,20.22317212735474,21.244001406133393,21.00785401213309,21.076919954896795,0.0012328604661512401,2.909086073614876,1.0815263112802356,8.151123790391848,0.0012328604661512401,10,Mtap
Q9CQR2,20.56504627997927,20.395923172875815,20.57366937443887,21.201020694988124,21.548773001182823,21.194422627005864,20.56504627997927,20.395923172875815,20.57366937443887,21.201020694988124,21.548773001182823,21.194422627005864,0.0035415576561853993,2.4508056835396443,0.8031924986276202,6.15206735412698,0.0035415576561853993,2,Rps21
Q9CQT5,NA,NA,NA,20.02188004070021,19.934019068558996,20.20574075834696,16.823040398699252,16.909341562750928,16.541142776627733,20.02188004070021,19.934019068558996,20.20574075834696,1.770425330705621e-5,4.7519223852833665,3.2960383765094186,24.058692192224456,1.770425330705621e-5,1,Pomp
Q9CQU5,NA,NA,NA,20.599960046219994,20.251070898328482,20.62497746584957,16.021262608542994,18.111201294830096,16.521406134046323,20.599960046219994,20.251070898328482,20.62497746584957,0.00491768935325788,2.30823890878701,3.607379457659544,5.623278160858315,0.00491768935325788,3,Zwint
Q9CR86,20.083816900081594,19.49552716116501,19.676005257921215,20.485518810387113,21.003674369804592,20.4609397745781,20.083816900081594,19.49552716116501,19.676005257921215,20.485518810387113,21.003674369804592,20.4609397745781,0.022367214464559537,1.650388098066821,0.8982612118673288,3.6194952000580756,0.022367214464559537,4,Carhsp1
Q9CRB6,NA,19.503119183461184,NA,20.723257636222268,21.21839058905475,20.96232838816447,15.819378891138491,19.503119183461184,16.611516928020478,20.723257636222268,21.21839058905475,20.96232838816447,0.031672927507626125,1.4993117932227014,3.6566538702737788,3.2400344906111957,0.031672927507626125,3,Tppp3
Q9CRC8,17.800318540054345,18.21257237850645,18.082751979173814,18.90993994810245,18.85425357811295,18.85820567000018,17.800318540054345,18.21257237850645,18.082751979173814,18.90993994810245,18.85425357811295,18.85820567000018,0.002381141074120292,2.6232148734330036,0.8422520994936562,6.846996796741514,0.002381141074120292,9,Lrrc40
Q9CWZ3,NA,18.067339819452872,17.938017408469477,19.538863370143385,20.214304889600516,19.868460871313225,17.643328110041505,18.067339819452872,17.938017408469477,19.538863370143385,20.214304889600516,19.868460871313225,0.0010107354603163766,2.995362497384626,1.9909812643644216,8.586319849163292,0.0010107354603163766,1,Rbm8a
Q9CY58,20.279347596026437,20.18253014285739,20.244233742882567,21.895560490894088,21.83745854945088,22.09455196134764,20.279347596026437,20.18253014285739,20.244233742882567,21.895560490894088,21.83745854945088,22.09455196134764,3.273072977425592e-5,4.485044311422851,1.7071531733087362,20.61117236177971,3.273072977425592e-5,2,Serbp1
Q9CYN2,NA,NA,NA,18.548490811442875,18.15046130534298,18.650252402474383,16.612305770280795,16.57469972687976,17.437672109042598,18.548490811442875,18.15046130534298,18.650252402474383,0.007942305478263726,2.100053413044875,1.5748423043523587,4.917729424944631,0.007942305478263726,4,Spcs2
Q9CZ04,NA,NA,NA,17.645194007083155,17.647444372701923,17.79265051119906,16.108908032391827,16.4765075853686,16.36367498056622,17.645194007083155,17.647444372701923,17.79265051119906,3.187744472160332e-4,3.49651649868698,1.378732764219162,11.570065320015125,3.187744472160332e-4,3,Cops7a
Q9CZ42,NA,NA,NA,18.594266279045986,18.400329117111593,18.153136357862582,16.7488597132691,15.931956079323013,16.37796615243821,18.594266279045986,18.400329117111593,18.153136357862582,0.0016400800308318056,2.7851349592080306,2.029649936329946,7.560763101593887,0.0016400800308318056,7,Naxd
Q9CZA6,NA,NA,NA,19.027965373511332,18.94723740220318,18.949803917747904,16.977351879205113,16.239182641475935,17.02556893362664,19.027965373511332,18.94723740220318,18.949803917747904,9.581878303696782e-4,3.018549349275054,2.2276344130515753,8.706839545018529,9.581878303696782e-4,1,Nde1
Q9D0B0,NA,NA,NA,19.071797522284207,18.8920802794432,18.90815216720117,17.173588313266823,15.789604666165577,16.572717518814176,19.071797522284207,18.8920802794432,18.90815216720117,0.0037857870799952206,2.421843815248994,2.445373156894,6.041429240989797,0.0037857870799952206,2,Srsf9
Q9D0D5,NA,NA,NA,19.13131942604001,19.02793838429544,18.960081144135465,16.76997672291349,16.31633308765383,17.677255553074563,19.13131942604001,19.02793838429544,18.960081144135465,0.006275914131917315,2.2023230071325193,2.1185911969430116,5.2549741660439455,0.006275914131917315,8,Gtf2e1
Q9D1C1,18.529209386588654,19.05433404167899,19.107559356238593,21.09377860563848,21.037514781229497,21.270934030292118,18.529209386588654,19.05433404167899,19.107559356238593,21.09377860563848,21.037514781229497,21.270934030292118,3.4632645845682984e-4,3.4605143281939488,2.237041544217952,11.326798814603965,3.4632645845682984e-4,3,Ube2c
Q9D2M8,NA,NA,19.423062550196338,20.462438367255583,20.147433508477413,20.435833010673413,16.182340702194267,17.10025964991129,19.423062550196338,20.462438367255583,20.147433508477413,20.435833010673413,0.045602653757852336,1.3410098836764244,2.780013994701502,2.8670794168043985,0.045602653757852336,1,Ube2v2
Q9D2Q3,NA,NA,NA,18.125151094405823,18.093881743688346,18.29297761364147,16.908496631008685,17.239517858656626,16.306152284825032,18.125151094405823,18.093881743688346,18.29297761364147,0.008468641461609127,2.072186253547499,1.3526145590817649,4.828803034626858,0.008468641461609127,9,Paat
Q9D2Y4,NA,NA,NA,18.46980872729845,17.84885518859466,18.203185476492827,16.24088680746837,15.830053199584837,16.573322927320575,18.46980872729845,17.84885518859466,18.203185476492827,0.0022035836554418443,2.6568704575628934,1.9591954860040524,6.990271776030346,0.0022035836554418443,10,Mlkl
Q9D358,NA,NA,NA,20.016177144641983,19.867511020590733,19.70051083782894,16.052014565162864,17.091705509620937,16.775290403234965,20.016177144641983,19.867511020590733,19.70051083782894,5.536027455479391e-4,3.2568017646976806,3.2217295083476323,10.038972129967656,5.536027455479391e-4,8,Acp1
Q9D818,NA,NA,NA,19.51826126618421,19.4030369961543,19.648304912566918,17.03262156367353,16.003503016861917,16.197490139216214,19.51826126618421,19.4030369961543,19.648304912566918,6.533947380200437e-4,3.1848243673476655,3.1119961517179213,9.617820732448687,6.533947380200437e-4,8,Sapcd2
Q9D898,NA,NA,NA,19.290729864462975,19.60255389239654,19.391021172463997,16.846909357430356,16.22634989349631,17.29159217497905,19.290729864462975,19.60255389239654,19.391021172463997,0.0012101742506198405,2.917152091969353,2.6398178344725984,8.190943478943929,0.0012101742506198405,1,Arpc5l
Q9D8S9,NA,NA,NA,19.87380154572489,19.706863578953428,20.177064232144094,16.84984834016545,16.8121221904578,16.192070975673516,19.87380154572489,19.706863578953428,20.177064232144094,2.0160899877213578e-4,3.695490087157751,3.301229283508551,13.007077961067385,2.0160899877213578e-4,3,Bola1
Q9D9K3,NA,NA,NA,21.221992973189472,21.091778849174965,20.894746725498067,17.23083230653382,17.536877432944724,16.20487050443843,21.221992973189472,21.091778849174965,20.894746725498067,5.947756755448171e-4,3.2256468010658113,4.078646101315176,9.854608422097066,5.947756755448171e-4,3,Aven
Q9D9V3,NA,NA,NA,19.457396911778623,19.14877446477149,19.39299235411086,17.216048622977965,16.70002964674044,15.729690876943673,19.457396911778623,19.14877446477149,19.39299235411086,0.003347278065246276,2.475308208411286,2.784464861332964,6.246997338559439,0.003347278065246276,6,Echdc1
Q9DAW9,NA,NA,NA,20.58288437153798,20.235962788992204,20.37517522079979,16.975266428112512,16.813158108525172,15.485988701901487,20.58288437153798,20.235962788992204,20.37517522079979,0.0011847884682672,2.926359181522883,3.9732030475969324,8.236611833958388,0.0011847884682672,3,Cnn3
Q9DBC7,22.323748586031982,22.468839783573202,22.5752400823141,23.776657118828293,23.56325493563617,23.766178667551085,22.323748586031982,22.468839783573202,22.5752400823141,23.776657118828293,23.56325493563617,23.766178667551085,2.4492128151843833e-4,3.610973476841522,1.2460874233654202,12.376968350412135,2.4492128151843833e-4,5,Prkar1a
Q9DBG6,NA,NA,NA,18.573558436298875,18.550483770126274,18.54177725674647,16.582535957283177,16.3757939046005,17.750010609355634,18.573558436298875,18.550483770126274,18.54177725674647,0.018118942993296538,1.7418671414035918,1.6524929973107696,3.8618333899467694,0.018118942993296538,2,Rpn2
Q9DBJ3,NA,NA,NA,19.432656074430433,19.700189077959816,19.80662513796603,16.162471289014157,16.049280955216922,15.957452975738708,19.432656074430433,19.700189077959816,19.80662513796603,9.045961480159482e-6,5.043545265914641,3.5900883567954978,28.47959565988403,9.045961480159482e-6,6,Baiap2l1
Q9DBR7,NA,NA,NA,18.736613330694578,18.46889445926007,19.032680727798326,17.43678995381756,17.638305735347814,17.5431927018467,18.736613330694578,18.46889445926007,19.032680727798326,0.002217668033520275,2.6541034635973184,1.206633375580303,6.978394488230051,0.002217668033520275,8,Ppp1r12a
Q9DCE5,NA,NA,NA,19.136360355684175,19.049449754183836,19.148575883210142,16.11082252755761,16.570582671072682,15.501305386663583,19.136360355684175,19.049449754183836,19.148575883210142,6.074544022829178e-4,3.216486316215467,3.0505584692614285,9.801005168497293,6.074544022829178e-4,9,Pak1ip1
Q9ERG0,18.01099788432709,17.40748354150235,17.87417690543584,19.610019132188388,19.296365092182906,19.7794692930036,18.01099788432709,17.40748354150235,17.87417690543584,19.610019132188388,19.296365092182906,19.7794692930036,0.0014722338066254573,2.832023213868123,1.797731728703205,7.7794079572209025,0.0014722338066254573,11,Lima1
Q9EST3,NA,NA,NA,19.229170867976183,18.845765675415702,18.739154304123794,17.63305562398828,16.698520932053338,16.2383355414356,19.229170867976183,18.845765675415702,18.739154304123794,0.008847370135947611,2.0531858033335975,2.081392916679487,4.768875484965579,0.008847370135947611,5,Eif4enif1
Q9JHJ0,19.389971573255167,19.40089194109671,19.465111983790738,21.04032718368511,22.442327990876343,20.985305517365394,19.389971573255167,19.40089194109671,19.465111983790738,21.04032718368511,22.442327990876343,20.985305517365394,0.012273396963039886,1.911035219006951,2.07066173126141,4.337878173769989,0.012273396963039886,2,Tmod3
Q9JI11,NA,NA,NA,20.120982000357845,20.30674704891379,19.995347599094746,16.488197482177466,17.2189833831642,16.1937850428378,20.120982000357845,20.30674704891379,19.995347599094746,3.836516927786633e-4,3.4160628812301956,3.5073702467289714,11.033138095690443,3.836516927786633e-4,4,Stk4
Q9JIH2,NA,NA,NA,18.629306810264556,18.476390231973795,18.335861359046326,16.23409509216329,16.956338579803983,16.507235161302873,18.629306810264556,18.476390231973795,18.335861359046326,0.0010813499784258476,2.9660337240854213,1.9146298560048436,8.436061336165045,0.0010813499784258476,8,Nup50
Q9JII5,NA,NA,NA,19.242932174900716,19.6479537338008,19.780510932762244,17.21323385139764,16.63684931258779,17.351605572156597,19.242932174900716,19.6479537338008,19.780510932762244,7.918160495280216e-4,3.1013756996653803,2.489902701773911,9.150155002705095,7.918160495280216e-4,4,Dazap1
Q9JJ78,19.62902214975489,20.031335055617102,19.718683371921276,20.692853842685793,20.194362505944827,20.408105795141886,19.62902214975489,20.031335055617102,19.718683371921276,20.692853842685793,20.194362505944827,20.408105795141886,0.02778875553935792,1.556130901746966,0.6387605221597461,3.3798715449522287,0.02778875553935792,11,Pbk
Q9JJI8,19.365574886390146,19.358123175957317,19.355716714090548,20.045935594276173,20.220930909801115,19.918903989480555,19.365574886390146,19.358123175957317,19.355716714090548,20.045935594276173,20.220930909801115,19.918903989480555,0.001314672249137805,2.8811825043090615,0.7021185723732764,8.014719369237737,0.001314672249137805,1,Rpl38
Q9JK92,19.42814340536245,19.588238830782327,19.502517174497502,22.704509907155508,22.679922454953562,22.293982348279695,19.42814340536245,19.588238830782327,19.502517174497502,22.704509907155508,22.679922454953562,22.293982348279695,2.6719566270774107e-5,4.573170595887296,3.0531717665821603,21.691940767918908,2.6719566270774107e-5,3,Hspb8
Q9JKB1,19.70812740850317,19.52516137518877,19.61041571469413,20.72100570536446,20.55618420246182,20.47159583858168,19.70812740850317,19.52516137518877,19.61041571469413,20.72100570536446,20.55618420246182,20.47159583858168,4.287945340453054e-4,3.3677507593439526,0.9683604160072967,10.722154962015301,4.287945340453054e-4,3,Uchl3
Q9JKL5,NA,NA,NA,22.277787971544083,22.091262332708176,22.053346572970188,16.053773604820805,17.396704700426536,17.093059586451975,22.277787971544083,22.091262332708176,22.053346572970188,2.1259445115027692e-4,3.672448075025631,5.292952995174378,12.83230098389608,2.1259445115027692e-4,2,Tesc
Q9JKV1,NA,NA,NA,18.60516117330055,18.3133613641378,18.396738556047815,16.242690910800235,16.04842766125334,17.268928309466293,18.60516117330055,18.3133613641378,18.396738556047815,0.007824423746964187,2.1065476375168632,1.9184047373220992,4.938631725991504,0.007824423746964187,6,Adrm1
Q9JLB0,NA,18.44342114108521,NA,19.5096087892087,19.38831164854039,19.966629366229288,17.647408798161287,18.44342114108521,15.992570556460409,19.5096087892087,19.38831164854039,19.966629366229288,0.03831782313985102,1.4165991714412074,2.2603831027571566,3.042246929355736,0.03831782313985102,5,Pals2
Q9JLV1,20.397281888920137,20.252573043795298,20.27218780445357,22.66446725008027,22.512847499139575,22.83818983672031,20.397281888920137,20.252573043795298,20.27218780445357,22.66446725008027,22.512847499139575,22.83818983672031,2.2465018374641793e-5,4.648493221851624,2.3644872829237187,22.65983150107767,2.2465018374641793e-5,4,Bag3
Q9QXA5,17.999757828103142,17.72400749938881,17.586737186933767,19.272506773068816,18.64825224120126,19.200673549428757,17.999757828103142,17.72400749938881,17.586737186933767,19.272506773068816,18.64825224120126,19.200673549428757,0.005381092177827656,2.269129568448019,1.2703100164243715,5.484941249367587,0.005381092177827656,3,Lsm4
Q9QXS6,20.133076973296397,20.188941324930976,20.42838879991847,22.479783223861936,21.884796552982824,22.499162690068612,20.133076973296397,20.188941324930976,20.42838879991847,22.479783223861936,21.884796552982824,22.499162690068612,7.693492201521514e-4,3.113876482099257,2.037778456255843,9.218843053317569,7.693492201521514e-4,13,Dbn1
Q9QY36,NA,NA,NA,19.08773216117518,18.909852076230358,18.986875302642492,16.07665122903684,15.694909888259573,17.775541788280904,19.08773216117518,18.909852076230358,18.986875302642492,0.018082190434765832,1.7427489612439142,2.4791188781569033,3.864218725513733,0.018082190434765832,3,Naa10
Q9QY93,NA,NA,NA,18.466387188727186,18.374708391001196,18.810960672154657,17.254724247566685,17.157857101904675,16.398147454037915,18.466387188727186,18.374708391001196,18.810960672154657,0.005885343245679443,2.230228203108158,1.613775816124587,5.350075726790371,0.005885343245679443,2,Dctpp1
Q9R0L6,18.021988448803725,18.066656837137117,NA,19.33973694003228,20.013317220558342,19.18151141029237,18.021988448803725,18.066656837137117,16.810819314387043,19.33973694003228,20.013317220558342,19.18151141029237,0.017827941444175238,1.748898801022553,1.878366990185036,3.880880994087907,0.017827941444175238,25,Pcm1
Q9R0P4,NA,NA,NA,19.46343656492973,19.800934647709546,19.99189270247528,16.564497096407706,15.884817258951053,17.215166048202136,19.46343656492973,19.800934647709546,19.99189270247528,0.001513222719159056,2.82009714693828,3.197261170517887,7.723265523710008,0.001513222719159056,1,Smap
Q9R0P5,20.40509574648093,20.380152409787534,20.41740753620323,21.32344624660204,21.445311953918434,21.35981818002987,20.40509574648093,20.380152409787534,20.41740753620323,21.32344624660204,21.445311953918434,21.35981818002987,1.3326741648854522e-5,4.875276021396383,0.9753068960262148,25.839005106232428,1.3326741648854522e-5,6,Dstn
Q9R0P9,23.256235184018465,23.26770910902364,23.38126199236008,24.6012756909138,24.46001486587665,24.558591674878233,23.256235184018465,23.26770910902364,23.38126199236008,24.6012756909138,24.46001486587665,24.558591674878233,2.809420452189289e-5,4.551383260299578,1.2382253154221665,21.419658414953588,2.809420452189289e-5,6,Uchl1
Q9R0Y5,19.93933816347009,20.070251997303444,20.18349969601276,20.836071935144222,21.001064523736595,21.118512769877967,19.93933816347009,20.070251997303444,20.18349969601276,20.836071935144222,21.001064523736595,21.118512769877967,0.0010421174156095266,2.9820833462202705,0.9208531239908311,8.517987310897242,0.0010421174156095266,2,Ak1
Q9R224,NA,NA,NA,18.568780008147808,18.522903306592006,18.569039709208933,16.810193564566795,16.540596966437707,17.31505117024688,18.568780008147808,18.522903306592006,18.569039709208933,0.0018544605715895088,2.7317823959418095,1.6649604408991223,7.3186502212145745,0.0018544605715895088,2,Bex1
Q9WTQ5,19.160221051777576,19.411419956061522,19.543156461256732,21.63342808833359,21.493994181284798,21.703158396728252,19.160221051777576,19.411419956061522,19.543156461256732,21.63342808833359,21.493994181284798,21.703158396728252,6.285962879267247e-5,4.201628187966387,2.2385943990836026,17.48200381765938,6.285962879267247e-5,10,Akap12
Q9WTX2,NA,18.284643390630738,NA,19.606824472612107,19.33463991905002,19.18937576985573,16.053831385512385,18.284643390630738,16.942938540070774,19.606824472612107,19.33463991905002,19.18937576985573,0.025812559611405057,1.5881689280407099,2.2831422817679865,3.4602211865818533,0.025812559611405057,8,Prkra
Q9WTX5,NA,NA,21.160541139084334,22.6366396650581,22.62254430766745,22.98900151173383,16.681491837831935,17.085338940723226,21.160541139084334,22.6366396650581,22.62254430766745,22.98900151173383,0.036459831956870664,1.4381853373368838,4.440271188939963,3.0932290671894624,0.036459831956870664,3,Skp1
Q9WUD1,17.97516505132903,18.048678437279523,17.793095228611755,18.689274586805517,18.61741006858273,18.69940978307032,17.97516505132903,18.048678437279523,17.793095228611755,18.689274586805517,18.61741006858273,18.69940978307032,8.103908845045935e-4,3.0913054526818575,0.7297185737460872,9.09516639911062,8.103908845045935e-4,8,Stub1
Q9WUK2,20.802308094313112,20.495605231190783,20.360889939265615,22.02593977991669,22.660686236090648,22.51045899056193,20.802308094313112,20.495605231190783,20.360889939265615,22.02593977991669,22.660686236090648,22.51045899056193,0.0013470417148848729,2.870618954934924,1.8460939139332524,7.963620796779647,0.0013470417148848729,1,Eif4h
Q9WUK4,NA,NA,NA,18.717529168989785,18.39711473136807,18.683632039008405,16.33423117893226,16.694110204986075,17.44774594679168,18.717529168989785,18.39711473136807,18.683632039008405,0.0066733587155437995,2.175655529728264,1.7740628695520826,5.165346118091113,0.0066733587155437995,8,Rfc2
Q9WUL7,NA,NA,NA,20.839920355695778,20.83144023859532,21.072020046277835,16.825152270223136,17.160969238224848,16.625424374564556,20.839920355695778,20.83144023859532,21.072020046277835,2.0784895260781422e-5,4.6822521596484705,4.043944919185467,23.107347245875484,2.0784895260781422e-5,3,Arl3
Q9WUM5,NA,NA,NA,19.993137418592177,20.783407542173517,20.349380586938786,16.21072038032077,16.733124141112565,16.11039114162902,19.993137418592177,20.783407542173517,20.349380586938786,1.7666596127850876e-4,3.7528471191573423,4.023896628214043,13.452142085852024,1.7666596127850876e-4,6,Suclg1
Q9WV80,NA,NA,NA,19.03327242615116,19.343255127511735,19.46570987645186,17.249240142838303,16.73264399031846,16.431159699080425,19.03327242615116,19.343255127511735,19.46570987645186,7.99549822480584e-4,3.097154468810525,2.476397865959189,9.127067679765382,7.99549822480584e-4,2,Snx1
Q9WVA4,22.236517609935515,22.29125840039622,22.188428270113786,23.080632787039715,23.260979240542742,23.217887902699218,22.236517609935515,22.29125840039622,22.188428270113786,23.080632787039715,23.260979240542742,23.217887902699218,1.0654512141490633e-4,3.972466431365944,0.9477652166120514,15.29628275412271,1.0654512141490633e-4,3,Tagln2
Q9Z108,NA,19.148675177407565,NA,19.831996827946387,19.737306767401456,19.96691095011637,16.520228825324615,19.148675177407565,17.249946434353685,19.831996827946387,19.737306767401456,19.96691095011637,0.048534043066877634,1.3139535288269533,2.205788036126119,2.805596009600897,0.048534043066877634,6,Stau1
Q9Z130,NA,NA,NA,19.821727277948003,20.030527049412342,19.99133915041443,17.111968723433414,15.853084231496084,16.9199976665139,19.821727277948003,20.030527049412342,19.99133915041443,0.0011163158032290858,2.9522129270848287,3.319514285443791,8.366088918745689,0.0011163158032290858,3,Hnrnpdl
Q9Z1D1,20.819171821473898,20.50813907843849,20.627295191945137,22.130377001374452,22.224850758596933,22.275971010786435,20.819171821473898,20.50813907843849,20.627295191945137,22.130377001374452,22.224850758596933,22.275971010786435,9.941162301561206e-5,4.002562835759209,1.5588642263000985,15.567365225050336,9.941162301561206e-5,5,Eif3g
Q9Z1X4,NA,NA,NA,18.442449492922165,18.51618478167925,18.495644264619468,15.885379395148703,16.990634071127573,16.649449652926435,18.442449492922165,18.51618478167925,18.495644264619468,0.003801496256181726,2.420045432882191,1.9762718066727238,6.034614571130875,0.003801496256181726,7,Ilf3
Q9Z2D3,NA,18.160885769088747,NA,18.596306248133725,18.352250377531398,18.75175978821154,16.780275441018908,18.160885769088747,16.832934309529055,18.596306248133725,18.352250377531398,18.75175978821154,0.04851403471337073,1.3141326053803872,1.3087402980799858,2.806000917277048,0.04851403471337073,16,Gsdme
Q9Z2X1,23.801834639720155,24.05804590950601,24.165226589628574,25.20583023058122,25.12012774490554,25.37235470173741,23.801834639720155,24.05804590950601,24.165226589628574,25.20583023058122,25.12012774490554,25.37235470173741,7.250027412739715e-4,3.1396603513353396,1.2244018461231434,9.362027873228879,7.250027412739715e-4,6,Hnrnpf
