proteinID,LFQ.intensity.B1,LFQ.intensity.B2,LFQ.intensity.B3,LFQ.intensity.D1,LFQ.intensity.D2,LFQ.intensity.D3,impute_LFQ.intensity.B1,impute_LFQ.intensity.B2,impute_LFQ.intensity.B3,impute_LFQ.intensity.D1,impute_LFQ.intensity.D2,impute_LFQ.intensity.D3,pvalue,log1P,log2fc,t.value,p.adjust,Cys,geneName
A2A6T1,NA,NA,NA,18.273486021679958,17.7503537003894,18.42828655725935,16.37955808153096,16.79879065325814,16.27130823560658,18.273486021679958,17.7503537003894,18.42828655725935,0.003065708136167843,2.5134691935407716,1.6674897696443445,6.3973144104071595,0.003065708136167843,7,Cdr2l
A2AG50,NA,NA,NA,19.566849335339246,19.158446973520444,19.764839202283433,17.529325776356774,16.874276820100075,16.279153790442567,19.566849335339246,19.158446973520444,19.764839202283433,0.0029543088652547772,2.5295441022997482,2.6024597080812377,6.461549599072296,0.0029543088652547772,7,Map7d2
E9PZJ8,NA,17.888992902565278,17.67796733587132,18.48981660806801,18.21380670913106,18.477299763585922,16.95600250674233,17.888992902565278,17.67796733587132,18.48981660806801,18.21380670913106,18.477299763585922,0.04039612352521332,1.393660308463248,0.8859867785353579,2.9885454740591335,0.04039612352521332,28,Ascc3
O08528,NA,NA,NA,19.842868988819493,19.904761025980523,20.06789122307339,17.085843269259676,17.001725618235294,16.545712333179484,19.842868988819493,19.904761025980523,20.06789122307339,7.125120505835719e-5,4.147207786115674,3.060746672399649,16.936870979614717,7.125120505835719e-5,26,Hk2
O08585,NA,NA,NA,19.325116566900554,19.52148542437381,19.30605723797795,15.557626416276062,17.285915470397185,16.68050002930377,19.325116566900554,19.52148542437381,19.30605723797795,0.004899990391377057,2.3098047715992442,2.876205771091769,5.628875329648606,0.004899990391377057,1,Clta
O08663,NA,NA,NA,19.700307629418596,19.396027734937167,19.872750018680605,16.695374969984872,17.192197326415535,17.128742950269327,19.700307629418596,19.396027734937167,19.872750018680605,2.236243422732859e-4,3.6504809237750573,2.650923378788878,12.667778991919906,2.236243422732859e-4,15,Metap2
O08807,23.703982124072656,23.437586491267663,23.664922909938003,24.093053207965834,24.331423242896605,24.20157415952201,23.703982124072656,23.437586491267663,23.664922909938003,24.093053207965834,24.331423242896605,24.20157415952201,0.0049274297494994726,2.3073795587526726,0.6065196950353737,5.620208346213051,0.0049274297494994726,4,Prdx4
O08915,NA,NA,NA,19.5321047590545,19.700104392381636,19.630409339531383,17.179332653049055,17.10851616501858,16.742341628340682,19.5321047590545,19.700104392381636,19.630409339531383,5.429033425198037e-5,4.265277484493818,2.6108093481864003,18.141389732462162,5.429033425198037e-5,8,Aip
O35711,NA,NA,NA,18.40087109967895,18.156892863448967,18.41917839655883,16.456306612278265,16.920042102967756,17.406882495810013,18.40087109967895,18.156892863448967,18.41917839655883,0.008231555230911309,2.08451810350064,1.3979037162102408,4.868002335163298,0.008231555230911309,11,Ppfibp2
O35737,22.414029672972443,22.34340153263287,22.27917753708348,23.312159503590095,23.3804695204693,23.499722312731407,22.414029672972443,22.34340153263287,22.27917753708348,23.312159503590095,23.3804695204693,23.499722312731407,9.74605728628495e-5,4.0111710402105905,1.0519141980340017,15.64575617548444,9.74605728628495e-5,5,Hnrnph1
O54833,18.77860335844374,18.77876375591357,18.688796681054455,19.322984369522143,19.561768992056567,19.33324272018443,18.77860335844374,18.77876375591357,18.688796681054455,19.322984369522143,19.561768992056567,19.33324272018443,0.0014080062512811008,2.851395417004375,0.6572774287837895,7.87138444924248,0.0014080062512811008,3,Csnk2a2
O54988,NA,NA,18.563725087980586,19.11888025639668,19.100236275384894,19.357586367181433,16.904377131612076,16.675908983476678,18.563725087980586,19.11888025639668,19.100236275384894,19.357586367181433,0.03935121972435892,1.405041801771273,1.810897231964553,3.015129777125854,0.03935121972435892,12,Slk
O55023,NA,NA,NA,20.010724775941817,19.95148393703186,19.998105571719965,15.99111283996277,16.488990148741976,16.499704970891205,20.010724775941817,19.95148393703186,19.998105571719965,2.6722021375987612e-5,4.573130692931773,3.660168775032563,21.691438984044282,2.6722021375987612e-5,7,Impa1
O55106,NA,NA,NA,18.614177821240318,18.23584595738985,18.707419800359716,17.273026625694555,17.09870390825588,16.618611132603796,18.614177821240318,18.23584595738985,18.707419800359716,0.0033148288837475913,2.4795388855887017,1.5223673041452166,6.263512894304553,0.0033148288837475913,8,Strn
O55135,21.449801541577656,21.38869002727427,21.689274586805517,22.120096096098575,22.199164291176054,22.186102146084295,21.449801541577656,21.38869002727427,21.689274586805517,22.120096096098575,22.199164291176054,22.186102146084295,0.0022590625437102652,2.646071745169837,0.6591987925671603,6.944018289623003,0.0022590625437102652,9,Eif6
O70305,19.155682952685254,18.983845334776532,19.534595459405693,20.53478541267007,20.258911024933997,20.634580648575046,19.155682952685254,18.983845334776532,19.534595459405693,20.53478541267007,20.258911024933997,20.634580648575046,0.0031893059953033726,2.49630381073621,1.2513844464372141,6.329323654553698,0.0031893059953033726,15,Atxn2
O70318,NA,NA,NA,19.077441630925218,19.32322632357709,19.77347729875129,16.34731629490486,16.33761845413869,16.892428029844034,19.077441630925218,19.32322632357709,19.77347729875129,4.732388477106078e-4,3.324919611774757,2.865594158122004,10.45339155478561,4.732388477106078e-4,9,Epb41l2
O70378,NA,NA,NA,19.520680060081098,19.51240869614103,19.993137418592177,17.10147629516975,16.64561339934383,17.15973477022355,19.520680060081098,19.51240869614103,19.993137418592177,2.8492350742656466e-4,3.5452717181017666,2.70646723669239,11.907442692791042,2.8492350742656466e-4,8,Emc8
O70591,19.975472963619794,20.0122262326694,20.018080615898455,21.606616665038683,21.610992367436772,21.58980290646985,19.975472963619794,20.0122262326694,20.018080615898455,21.606616665038683,21.610992367436772,21.58980290646985,4.40326186905844e-8,7.356225485581766,1.600544042252551,108.02696352449188,4.40326186905844e-8,1,Pfdn2
O88413,NA,NA,NA,19.916369341496583,19.55689517540484,20.08485509031504,16.880286093198677,16.11929799179841,17.445356263861107,19.916369341496583,19.55689517540484,20.08485509031504,0.0018456209262205942,2.7338574942939586,3.0377264194527562,7.327936810373222,0.0018456209262205942,5,Tulp3
O88447,NA,NA,NA,20.297037155102306,19.960420575171668,20.573946682472574,17.72862838122122,16.51371315193257,16.16340449337888,20.297037155102306,19.960420575171668,20.573946682472574,0.0023601379805890934,2.6270626061583906,3.4752194620712906,6.863246270626457,0.0023601379805890934,8,Klc1
O88448,NA,NA,NA,18.77436240257051,18.620384513861502,18.99680998123381,16.998588621299458,16.633861601869047,17.946612422790494,18.77436240257051,18.620384513861502,18.99680998123381,0.016829363664192545,1.7739323048414326,1.6041647505689411,3.9491953165105613,0.016829363664192545,7,Klc2
O88569,22.093101579159644,21.777921470179287,22.10408808747494,23.20931532667934,23.388374718554648,23.125293010468653,22.093101579159644,21.777921470179287,22.10408808747494,23.20931532667934,23.388374718554648,23.125293010468653,6.975870949000735e-4,3.156401562286395,1.2492906396295922,9.45609757515607,6.975870949000735e-4,1,Hnrnpa2b1
P02340,19.167565152102696,19.29338183683942,19.321619869053773,20.323776068293146,20.18966532714133,20.43012581742319,19.167565152102696,19.29338183683942,19.321619869053773,20.323776068293146,20.18966532714133,20.43012581742319,2.3410553358315416e-4,3.6305883207065097,1.0536667849539256,12.520542158587842,2.3410553358315416e-4,12,Tp53
P08228,22.50620296455885,22.296673159883802,22.956597363815696,24.02004942428785,24.076349155664467,24.161387181782167,22.50620296455885,22.296673159883802,22.956597363815696,24.02004942428785,24.076349155664467,24.161387181782167,0.0016606924822189322,2.7797107803360634,1.4994374244920472,7.535827252956265,0.0016606924822189322,3,Sod1
P09103,23.063421415288836,22.915483349920034,22.845788641744917,23.549689736826327,23.602522177693597,23.647791284706194,23.063421415288836,22.915483349920034,22.845788641744917,23.549689736826327,23.602522177693597,23.647791284706194,7.177471408194609e-4,3.144028528861138,0.6584365974241102,9.386488774665994,7.177471408194609e-4,7,P4hb
P09405,20.92614829353992,21.064211211863793,21.0363748673548,21.906208006997293,22.0222187889797,21.650401426276183,20.92614829353992,21.064211211863793,21.0363748673548,21.906208006997293,22.0222187889797,21.650401426276183,0.0019405148707350892,2.712083024785113,0.8506979498315523,7.231007450475262,0.0019405148707350892,1,Ncl
P10637,18.348235393603872,18.588055787144175,18.08004718525614,20.665703706455332,20.17682082147355,20.373901692653927,18.348235393603872,18.588055787144175,18.08004718525614,20.665703706455332,20.17682082147355,20.373901692653927,5.363670301310293e-4,3.270537925585966,2.0666959515262064,10.121279062382031,5.363670301310293e-4,6,Mapt
P12815,NA,NA,17.867797549374234,18.576587679553338,18.830310939460524,18.577141121898997,16.474346035711356,16.70432560655689,17.867797549374234,18.576587679553338,18.830310939460524,18.577141121898997,0.020035248388459735,1.6982052690002487,1.6458568497567931,3.744919524422278,0.020035248388459735,1,Pdcd6
P12849,NA,NA,NA,21.158385334374042,21.131759013624155,21.353317001497956,16.74222588268102,16.39867117194945,16.409462380385847,21.158385334374042,21.131759013624155,21.353317001497956,3.792997962510995e-6,5.421017390587605,4.697700638159944,35.41734537761129,3.792997962510995e-6,7,Prkar1b
P14873,22.41400385731621,22.450934340631505,22.54663168325486,23.23517399200796,23.235641479316957,23.20124509809338,22.41400385731621,22.450934340631505,22.54663168325486,23.23517399200796,23.235641479316957,23.20124509809338,5.2212893572204146e-5,4.28222223807411,0.7534968960719084,18.320999533185393,5.2212893572204146e-5,22,Map1b
P16045,21.5313148226724,21.53340768452764,21.87015547943122,22.910825690539987,22.3481381183266,23.139055410690137,21.5313148226724,21.53340768452764,21.87015547943122,22.910825690539987,22.3481381183266,23.139055410690137,0.011425449512682529,1.942126704427721,1.154380410975154,4.4296112419934435,0.011425449512682529,6,Lgals1
P17742,26.1712530133376,26.13165305386935,26.407123678647437,27.314581584812846,27.434360601787148,27.53482399387102,26.1712530133376,26.13165305386935,26.407123678647437,27.314581584812846,27.434360601787148,27.53482399387102,3.702355022217008e-4,3.4315219386903184,1.1912454782055413,11.134437017375634,3.702355022217008e-4,3,Ppia
P17751,23.24107948376727,23.190494466577096,23.408079873264604,23.8171429336956,23.94654865677299,23.906740160273603,23.24107948376727,23.190494466577096,23.408079873264604,23.8171429336956,23.94654865677299,23.906740160273603,0.001309689081100951,2.882831793190759,0.6102593090444053,8.022724048801805,0.001309689081100951,6,Tpi1
P17918,NA,NA,NA,18.506764705127924,18.859449856665357,18.953389386272242,15.91529402039088,17.011126084638754,16.876058396329423,18.506764705127924,18.859449856665357,18.953389386272242,0.0042363299601164035,2.373010220831556,2.172375148902155,5.858644228552488,0.0042363299601164035,6,Pcna
P18760,24.673736508237813,24.27930508316996,24.459327049395977,25.985114387052157,25.751415546013316,25.785738805958303,24.673736508237813,24.27930508316996,24.459327049395977,25.985114387052157,25.751415546013316,25.785738805958303,5.354892010382635e-4,3.2712492829587023,1.3699666994066746,10.125558685760637,5.354892010382635e-4,4,Cfl1
P18872,19.881544180700086,19.811979829133957,19.488777675489168,20.368476621038326,20.266937484427846,20.55665198724621,19.881544180700086,19.811979829133957,19.488777675489168,20.368476621038326,20.266937484427846,20.55665198724621,0.01055678938162583,1.9764681429625415,0.6699214691297222,4.532553010975243,0.01055678938162583,10,Gnao1
P19157,22.839535975270707,22.78386710419227,23.004034569732262,23.635665872979786,23.563720433757783,23.636440533780526,22.839535975270707,22.78386710419227,23.004034569732262,23.635665872979786,23.563720433757783,23.636440533780526,4.7154688488557756e-4,3.3264751198199924,0.7361297304409504,10.463040181270266,4.7154688488557756e-4,3,Gstp1
P21107,21.749928334147214,21.01862400386755,21.130942530045996,23.252659658332647,22.99875981615571,23.37132466803902,21.749928334147214,21.01862400386755,21.130942530045996,23.252659658332647,22.99875981615571,23.37132466803902,0.0016452720113678914,2.7837622902549573,1.9077497581555392,7.554445774068146,0.0016452720113678914,1,Tpm3
P21126,18.910554901393578,NA,18.312652553687684,21.69255591029389,21.263617653073148,21.509686100948112,18.910554901393578,16.422994569355605,18.312652553687684,21.69255591029389,21.263617653073148,21.509686100948112,0.0089970149456669209,2.045901558078632,3.6065525466260944,4.746050505528087,0.0089970149456669209,2,Ubl4a
P24288,21.012840014870058,20.82283220114925,20.81909384006576,21.418694714462532,21.66105608258992,21.51291981649295,21.012840014870058,20.82283220114925,20.81909384006576,21.418694714462532,21.66105608258992,21.51291981649295,0.0024652050015984547,2.608146959810255,0.645968185820113,6.7836845299791415,0.0024652050015984547,10,Bcat1
P25322,NA,17.708262151665767,NA,19.673454011425793,18.706880437298683,19.516531070045332,16.992775338041916,17.708262151665767,16.043105598626035,19.673454011425793,18.706880437298683,19.516531070045332,0.013697195142987012,1.8633683568316999,2.3842408101453607,4.199874308951107,0.013697195142987012,14,Ccnd1
P26369,NA,NA,NA,19.879526414617192,19.88683672963234,19.813796845375172,16.407083556305047,16.0700055069763,16.4587644792636,19.879526414617192,19.88683672963234,19.813796845375172,8.901659004472506e-6,5.050529046237769,3.5481021490265867,28.594789657523272,8.901659004472506e-6,6,U2af2
P26645,NA,17.31716526533642,NA,19.3663008673928,19.26844605379593,18.759225027594947,16.38270822801234,17.31716526533642,16.725548921218238,19.3663008673928,19.26844605379593,18.759225027594947,0.002184082108520141,2.6607310387663308,2.3228498447388937,7.006872820832621,0.002184082108520141,1,Marcks
P26883,21.25395825277439,21.382317944861672,21.669860832753667,22.448138492355014,22.423242119098965,22.416763516157676,21.25395825277439,21.382317944861672,21.669860832753667,22.448138492355014,22.423242119098965,22.416763516157676,0.001286911551734772,2.890451300736269,0.9940023657406414,8.05979848148198,0.001286911551734772,1,Fkbp1a
P27546,17.532142817355393,17.470086867825255,17.61007321804078,20.383425863800714,19.81078812818357,20.141957433769576,17.532142817355393,17.470086867825255,17.61007321804078,20.383425863800714,19.81078812818357,20.141957433769576,1.1300885087192969e-4,3.946887541168719,2.574622840844146,15.069502106549841,1.1300885087192969e-4,10,Map4
P28063,NA,NA,NA,19.56705366334615,19.010560886090925,19.85432968206672,16.232343410510005,16.78553489173422,16.365000121715532,19.56705366334615,19.010560886090925,19.85432968206672,5.402255755316672e-4,3.267424859153848,3.0163552691813464,10.102570369408667,5.402255755316672e-4,5,Psmb8
P28741,NA,NA,NA,19.61635140733175,19.958297819811662,19.84558193161912,16.902572963870817,17.574294866425802,16.37475422997294,19.61635140733175,19.958297819811662,19.84558193161912,0.001386512107198613,2.8580763337553647,2.85620303283099,7.903330471628397,0.001386512107198613,6,Kif3a
P30285,20.28523061406924,20.216556416262016,20.432778393735344,21.20693326547461,21.27161804217734,21.31357172521869,20.28523061406924,20.216556416262016,20.432778393735344,21.20693326547461,21.27161804217734,21.31357172521869,1.7784631642646953e-4,3.7499551255427215,0.9525192029346812,13.429354668632516,1.7784631642646953e-4,4,Cdk4
P30681,21.027560482248777,20.868536229512248,21.54585437544322,22.19856494131039,21.94263477073038,22.108497657145747,21.027560482248777,20.868536229512248,21.54585437544322,22.19856494131039,21.94263477073038,22.108497657145747,0.012672757161990214,1.8971288870921224,0.9359154273274264,4.29729117251735,0.012672757161990214,3,Hmgb2
P31230,20.783087760494077,20.80380634296663,20.781087517486018,21.82528024665149,21.463636121613206,21.65887915219001,20.783087760494077,20.80380634296663,20.781087517486018,21.82528024665149,21.463636121613206,21.65887915219001,0.0012002676008478139,2.920721916773055,0.8599379665026596,8.208622936359024,0.0012002676008478139,6,Aimp1
P32921,22.20874994316719,22.338839733140844,22.439946511121537,22.92176104980789,22.9708649138954,22.93016125548227,22.20874994316719,22.338839733140844,22.439946511121537,22.92176104980789,22.9708649138954,22.93016125548227,8.747394278544542e-4,3.058121297718698,0.6117503439186613,8.916114873740497,8.747394278544542e-4,10,Wars1
P34022,21.07978684147832,20.43501907832974,20.736200412451144,21.380099551229964,21.46188906400221,21.271048054796495,21.07978684147832,20.43501907832974,20.736200412451144,21.380099551229964,21.46188906400221,21.271048054796495,0.03307210009311731,1.480538226317212,0.6206767792564882,3.194555411718666,0.03307210009311731,3,Ranbp1
P39447,NA,NA,NA,18.709070346471957,18.765227815733688,19.29945399266539,16.610831453820484,16.651903965155494,17.072564816900957,18.709070346471957,18.765227815733688,19.29945399266539,8.524016409985132e-4,3.0693557228762858,2.1461506396647003,8.976365282359152,8.524016409985132e-4,7,Tjp1
P42567,NA,18.2963874993249,NA,19.35735010802771,19.14140868134851,19.169401467709797,16.665683334679184,18.2963874993249,16.684277554051615,19.35735010802771,19.14140868134851,19.169401467709797,0.021113286759143902,1.675444153700936,2.0072706230101076,3.684882154780087,0.021113286759143902,9,Eps15
P46414,NA,NA,NA,18.332019060195133,18.213142200793193,18.47619243181158,16.734887147492966,16.398995370610987,16.978807649137053,18.332019060195133,18.213142200793193,18.47619243181158,8.926397766157385e-4,3.0493237646164495,1.6362211751863,8.869193712740707,8.926397766157385e-4,4,Cdkn1b
P46660,NA,NA,NA,18.51706957567913,18.338605823905855,18.53689221604589,15.917970948929346,16.862400034212424,15.90862693977054,18.51706957567913,18.338605823905855,18.53689221604589,0.0022803991045059935,2.6419891382117497,2.2345232309061878,6.926601271651566,0.0022803991045059935,3,Ina
P47757,21.119209647504857,20.585637432053254,21.06835056515665,22.101333262411313,21.75086887999156,21.994484650282132,21.119209647504857,20.585637432053254,21.06835056515665,22.101333262411313,21.75086887999156,21.994484650282132,0.006770809835867576,2.1693593835727016,1.02449638265675,5.144361695635866,0.006770809835867576,5,Capzb
P47941,19.07564105083201,18.957221097089956,20.605034539379,21.08751204768258,20.989677218725348,21.48782629814049,19.07564105083201,18.957221097089956,20.605034539379,21.08751204768258,20.989677218725348,21.48782629814049,0.040946551289938383,1.3877826706757648,1.6423729590824827,2.9748630343082283,0.040946551289938383,2,Crkl
P49312,23.03162111599717,22.75619387674828,23.036240700606736,23.761621025595737,23.658399786356668,23.885857953808102,23.03162111599717,22.75619387674828,23.036240700606736,23.761621025595737,23.658399786356668,23.885857953808102,0.0018871529481603838,2.724192900126408,0.8272743574694381,7.284773919494974,0.0018871529481603838,2,Hnrnpa1
P51432,NA,NA,NA,17.82177398197057,17.917593520645884,17.909354034501053,16.038081454466514,15.854725420251366,16.936729461220594,17.82177398197057,17.917593520645884,17.909354034501053,0.008744690132859303,2.058255575090233,1.606395067059676,4.784810246663203,0.008744690132859303,15,Plcb3
P52431,NA,NA,NA,18.45855880850987,18.484004665261676,18.58339867513307,16.539150325375125,16.222800286056607,15.933979454675574,18.45855880850987,18.484004665261676,18.58339867513307,2.194520380364118e-4,3.658660381536449,2.2766773609324353,12.728800640445785,2.194520380364118e-4,26,Pold1
P52479,NA,NA,NA,19.42041259451327,19.78466998730783,19.682415146077933,16.14733186896213,17.221277499978225,16.3822424608033,19.42041259451327,19.78466998730783,19.682415146077933,8.941476628029866e-4,3.048590754308145,3.0455486327184573,8.8652945122402,8.941476628029866e-4,12,Usp10
P52651,18.087473200638705,NA,NA,20.120222687160904,19.413280831327477,19.977570615868693,18.087473200638705,15.987300200671632,17.67112832901234,20.120222687160904,19.413280831327477,19.977570615868693,0.018754472102316382,1.7268951557882573,2.5883908013448007,3.821480547327937,0.018754472102316382,4,Rhox5
P53994,NA,NA,NA,19.577473085426302,19.925641360558462,19.991615952994113,16.580251550594934,17.25152809882616,17.16248529179298,19.577473085426302,19.925641360558462,19.991615952994113,3.2751650455007e-4,3.4847668097045212,2.8334884859216025,11.490131805588408,3.2751650455007e-4,3,Rab2a
P54103,18.844172451176515,18.573040612153527,18.97432495636504,19.63003599655296,19.36964846126888,19.286765300134434,18.844172451176515,18.573040612153527,18.97432495636504,19.63003599655296,19.36964846126888,19.286765300134434,0.015840989555001274,1.8002176923896287,0.6316372460870632,4.021783561732503,0.015840989555001274,8,Dnajc2
P54276,NA,NA,NA,18.638351060390953,18.486599370506383,18.663724867279193,16.383289716147605,17.845431494230958,16.571774789526945,18.638351060390953,18.486599370506383,18.663724867279193,0.02286103812901345,1.640904052004378,1.6627264327570046,3.5949348173325233,0.02286103812901345,32,Msh6
P55937,NA,19.29497516926508,18.948007836385273,20.239929444522787,20.21537184025254,20.11056996842342,17.898153208926743,19.29497516926508,18.948007836385273,20.239929444522787,20.21537184025254,20.11056996842342,0.02496480702208449,1.6026717866914975,1.4749116795405506,3.4969604388865574,0.02496480702208449,8,Golga3
P58404,17.53700600971019,NA,17.561750349815913,18.541096615349524,18.100415956109735,19.098977883326192,17.53700600971019,16.68578254435651,17.561750349815913,18.541096615349524,18.100415956109735,19.098977883326192,0.031894443414232955,1.4962849722636837,1.3186505169676117,3.2326781152658786,0.031894443414232955,12,Strn4
P58854,NA,NA,NA,19.438576647077273,19.113472571404955,19.35844516537388,17.111364174925377,17.77771158090959,17.235438427845548,19.438576647077273,19.113472571404955,19.35844516537388,0.0010481600709260851,2.9795723885246312,1.9286600667251967,8.505122292296496,0.0010481600709260851,13,Tubgcp3
P58871,NA,NA,NA,21.35374773709836,21.320309174111436,21.615399743725497,17.32885706460427,16.066532604020747,17.212928406090764,21.35374773709836,21.320309174111436,21.615399743725497,3.8427442938720015e-4,3.41535851365044,4.560379526739837,11.028543431997248,3.8427442938720015e-4,23,Tnks1bp1
P60335,21.77731953629816,21.95886419337508,22.119874535007625,24.150194766911962,24.076838425974678,24.17150118280941,21.77731953629816,21.95886419337508,22.119874535007625,24.150194766911962,24.076838425974678,24.17150118280941,2.943475486965377e-5,4.531139576607376,2.1808253703383933,21.1696879608328,2.943475486965377e-5,9,Pcbp1
P60766,NA,NA,NA,20.093520728250915,20.45873901899259,19.90866528182113,15.944438457348106,16.973387544334408,16.621596637741614,20.093520728250915,20.45873901899259,19.90866528182113,4.434164066715743e-4,3.353188241769323,3.640500796546835,10.630053214659831,4.434164066715743e-4,6,Cdc42
P61087,17.678792676306234,17.478485248087335,17.86254050313689,18.78570788022275,18.717796892496168,19.22463294132442,17.678792676306234,17.478485248087335,17.86254050313689,18.78570788022275,18.717796892496168,19.22463294132442,0.003095359458702106,2.5092889098535562,1.2361064288376262,6.380699607899945,0.003095359458702106,2,Ube2k
P62309,NA,NA,NA,21.218331458573733,21.686755266099237,21.1586935037741,17.133479178756954,16.078559842317745,16.161412194157403,21.218331458573733,21.686755266099237,21.1586935037741,2.0399118196524492e-4,3.690388605645703,4.89677633773832,12.968186387149172,2.0399118196524492e-4,1,Snrpg
P62748,NA,NA,NA,20.55234263521868,20.72334097360154,20.43237062238133,17.524827397180417,16.532505806579294,15.521123582379508,20.55234263521868,20.72334097360154,20.43237062238133,0.0022926516958822474,2.639661919123588,4.0431991483541125,6.916690073253628,0.0022926516958822474,2,Hpcal1
P62852,19.698782653310243,19.161943761082306,18.805240049886716,19.854177470144393,20.255342133015645,19.972390879431515,19.698782653310243,19.161943761082306,18.805240049886716,19.854177470144393,20.255342133015645,19.972390879431515,0.04786968195524862,1.3199394579481616,0.8053146727707627,2.8191452573215257,0.04786968195524862,1,Rps25
P62858,20.638916656807442,20.573207075899045,20.962610812682748,22.48787535354915,22.62375023839319,22.544770156210685,20.638916656807442,20.573207075899045,20.962610812682748,22.48787535354915,22.62375023839319,22.544770156210685,1.341091666798754e-4,3.8725415360751168,1.827220400921263,14.428727463654477,1.341091666798754e-4,1,Rps28
P63028,NA,NA,NA,22.268508876632968,22.585820782760866,22.321300565718595,16.983895354455143,16.696819203073765,16.967739285481255,22.268508876632968,22.585820782760866,22.321300565718595,2.1742311811282584e-6,5.662694280235721,5.509058794034086,40.71695461076005,2.1742311811282584e-6,2,Tpt1
P63242,21.662534521184256,21.37734823407505,21.404004350839674,22.41297085208742,22.537489532674872,22.205084459026292,21.662534521184256,21.37734823407505,21.404004350839674,22.41297085208742,22.537489532674872,22.205084459026292,0.0024439750809938754,2.6119032265154187,0.9038859125632008,6.799419813731913,0.0024439750809938754,4,Eif5a
P68254,NA,NA,NA,21.22352568575398,20.823998455186697,20.86128383303184,16.496622278217433,15.994658645770134,17.214968787546063,21.22352568575398,20.823998455186697,20.86128383303184,3.0580559727230006e-4,3.5145545697993463,4.400852754146296,11.693809761797265,3.0580559727230006e-4,5,Ywhaq
P68372,23.105143776559117,22.99900077880969,23.208690416222108,23.661230095199468,23.76819967375241,23.736138464520113,23.105143776559117,22.99900077880969,23.208690416222108,23.661230095199468,23.76819967375241,23.736138464520113,8.301792103496529e-4,3.08082814658202,0.617577753960358,9.038279077770444,8.301792103496529e-4,8,Tubb4b
P70296,23.64702269643989,23.207826999395994,23.758167899597275,24.762077438252863,25.01307863744509,24.81587342838259,23.64702269643989,23.207826999395994,23.758167899597275,24.762077438252863,25.01307863744509,24.81587342838259,0.0019866795230702645,2.7018721845194897,1.3260039695491272,7.185944892907118,0.0019866795230702645,3,Pebp1
P70349,22.242403077308147,22.254419693699766,22.287317838680615,23.14726269539686,23.094777445362304,22.912160596591725,22.242403077308147,22.254419693699766,22.287317838680615,23.14726269539686,23.094777445362304,22.912160596591725,4.0274048471633755e-4,3.394974711576665,0.7900200425541186,10.896359759793043,4.0274048471633755e-4,2,Hint1
P70460,17.7943016281617,17.82959887202173,18.231868042989813,20.603043116619613,20.205621453402433,20.56225360577993,17.7943016281617,17.82959887202173,18.231868042989813,20.603043116619613,20.205621453402433,20.56225360577993,1.863093745835669e-4,3.7297652920308515,2.505049877542909,13.271302363227598,1.863093745835669e-4,3,Vasp
P81122,18.612990847106136,18.973204068234,18.723607620869814,20.860298928935215,19.941202388721443,20.482370753133345,18.612990847106136,18.973204068234,18.723607620869814,20.860298928935215,19.941202388721443,20.482370753133345,0.0044698761751744524,2.349704507557842,1.6580231781933499,5.7730412645467695,0.0044698761751744524,21,Irs2
P97355,NA,NA,NA,19.9048345117688,20.062762921032625,20.23876391283806,17.036119243690734,16.680616195650508,15.806797423720896,19.9048345117688,20.062762921032625,20.23876391283806,7.060563877295138e-4,3.15116061353478,3.560942827525782,9.426554494925938,7.060563877295138e-4,8,Sms
P97371,20.556839058698866,20.55777405227721,20.205860053426278,21.321685922990504,21.123636453803826,21.080632787039715,20.556839058698866,20.55777405227721,20.205860053426278,21.321685922990504,21.123636453803826,21.080632787039715,0.006083521158059397,2.2158449771628645,0.7351606664772312,5.300888088295518,0.006083521158059397,3,Psme1
P97930,NA,NA,NA,19.071195226392344,18.532903772613757,19.69346653877692,16.52729926264008,16.10521695101903,17.636895772813922,19.071195226392344,18.532903772613757,19.69346653877692,0.014441357014515937,1.840391995393405,2.3427178504366637,4.134464374776937,0.014441357014515937,3,Dtymk
Q05816,20.41854031369458,20.697697244315307,20.978548477468582,21.916522420709512,21.660664477461278,22.10677377810792,20.41854031369458,20.697697244315307,20.978548477468582,21.916522420709512,21.660664477461278,22.10677377810792,0.004449194710856114,2.3517185877336364,1.196391546933416,5.780398105130039,0.004449194710856114,6,Fabp5
Q08024,NA,NA,NA,19.897467341721892,19.76788054303397,19.700002763125656,15.872885909886296,16.805802959697882,16.8399493471052,19.897467341721892,19.76788054303397,19.700002763125656,5.222615465172981e-4,3.282111949560551,3.2822374770640472,10.191121169778373,5.222615465172981e-4,4,Cbfb
Q08093,NA,NA,NA,19.685019073000053,19.712080253590344,19.576310878743932,16.19357937077953,15.208711081066134,16.37229852102772,19.685019073000053,19.712080253590344,19.576310878743932,5.104842647610392e-4,3.292017640125108,3.7329404108203157,10.251254806474506,5.104842647610392e-4,8,Cnn2
Q3TJZ6,19.344209204887402,19.422836774718036,19.191546034249754,20.02877481529854,19.985236018363,19.985930857773862,19.344209204887402,19.422836774718036,19.191546034249754,20.02877481529854,19.985236018363,19.985930857773862,6.068407748832916e-4,3.216925245762908,0.6804498925267346,9.803567373985182,6.068407748832916e-4,8,Fam98a
Q3TLH4,17.94380826370114,18.229429076833775,18.302558605245363,20.172432392109926,19.730009005036003,20.21596424983705,17.94380826370114,18.229429076833775,18.302558605245363,20.172432392109926,19.730009005036003,20.21596424983705,5.837818734379075e-4,3.2337493940826896,1.8808699004008993,9.902249493655978,5.837818734379075e-4,11,Prrc2c
Q3U0V1,20.406342045636308,20.268080484836936,20.307747800841696,21.015496724386534,21.123636453803826,21.19159422528563,20.406342045636308,20.268080484836936,20.307747800841696,21.015496724386534,21.123636453803826,21.19159422528563,2.844268238797199e-4,3.5460294483304344,0.7828523573870179,11.912759345380225,2.844268238797199e-4,8,Khsrp
Q3U308,NA,NA,NA,17.986597588914538,18.266868875597908,18.20136775703639,16.993983360920435,16.089750533743352,17.2713455868157,17.986597588914538,18.266868875597908,18.20136775703639,0.02034503133048192,1.691541637015172,1.3665849133564478,3.7272790328112917,0.02034503133048192,20,Ctu2
Q3UA06,NA,NA,NA,19.720154060303464,19.51026580697288,19.624067186192683,17.069793225090294,17.23891365406158,16.81940670689001,19.720154060303464,19.51026580697288,19.624067186192683,4.596015684116917e-5,4.33761849793114,2.575457822475716,18.92044006998913,4.596015684116917e-5,6,Trip13
Q3UFY7,18.801076789042135,NA,NA,23.259399621069772,22.865952967212984,23.21547552949168,18.801076789042135,16.24901446444124,17.305598220908195,23.259399621069772,22.865952967212984,23.21547552949168,0.0016558912211306442,2.780968196303789,5.661712881127624,7.541601267067052,0.0016558912211306442,5,Nt5c3b
Q501J6,NA,NA,NA,18.76946338427519,19.16668288970053,19.093623884737386,17.231852851108766,16.77424963507024,16.91446648319097,18.76946338427519,19.16668288970053,19.093623884737386,3.653464231685563e-4,3.437295140147867,2.0364003964477106,11.172492795947177,3.653464231685563e-4,11,Ddx17
Q52KR3,NA,NA,NA,18.71370870090053,18.573410505507574,18.822334312341965,16.667706583331896,16.57558504722389,17.063707391102604,18.71370870090053,18.573410505507574,18.822334312341965,3.1139066166161746e-4,3.5066944156909585,1.9341514990305626,11.639733530807685,3.1139066166161746e-4,33,Prune2
Q5SQY2,NA,NA,NA,19.418972594210313,19.50618359029271,19.225762879083494,15.460129617975298,17.00015146116744,16.89767683639731,19.418972594210313,19.50618359029271,19.225762879083494,0.00435224137808832,2.3612870263924113,2.930987049348822,5.815454400366531,0.00435224137808832,1,Bod1
Q60598,19.220742016651354,19.39320189587461,19.17774556362035,22.216882004221294,21.89289554983811,22.288867200369918,19.220742016651354,19.39320189587461,19.17774556362035,22.216882004221294,21.89289554983811,22.288867200369918,3.2026336861731856e-5,4.494492732635412,2.868985092761001,20.72445945155168,3.2026336861731856e-5,3,Cttn
Q60605,22.785125155355104,22.42272900578255,22.54330752682312,24.320033666607326,24.158077099132854,24.33087640500855,22.785125155355104,22.42272900578255,22.54330752682312,24.320033666607326,24.158077099132854,24.33087640500855,1.5046156206403673e-4,3.822574433728648,1.6859418275959825,14.012989329847855,1.5046156206403673e-4,3,Myl6
Q60631,18.46857631712506,17.809328521990885,18.19806129493038,19.38152605295218,19.429635577273185,19.430064546513936,18.46857631712506,17.809328521990885,18.19806129493038,19.38152605295218,19.429635577273185,19.430064546513936,0.0028300366738209567,2.548207936512857,1.2550866808976586,6.536821642555698,0.0028300366738209567,2,Grb2
Q60668,20.954752938572437,20.873651374491185,21.050127640561048,21.586782991865775,21.865292267220003,21.836071935144222,20.954752938572437,20.873651374491185,21.050127640561048,21.586782991865775,21.865292267220003,21.836071935144222,0.001407446845009844,2.8515679981496738,0.8032050802017778,7.872208213457647,0.001407446845009844,3,Hnrnpd
Q60749,19.622941929549842,19.837612535473106,19.896462494167388,20.48610830714316,20.368370042894675,20.552436453787458,19.622941929549842,19.837612535473106,19.896462494167388,20.48610830714316,20.368370042894675,20.552436453787458,0.0023130151996576527,2.6358215133142244,0.6832992815449863,6.900361537407761,0.0023130151996576527,3,Khdrbs1
Q60865,19.31187689330154,19.14835244627608,19.495371008438276,20.52974318147218,20.85817531057549,21.056889043038588,19.31187689330154,19.14835244627608,19.495371008438276,20.52974318147218,20.85817531057549,21.056889043038588,0.001230635964039482,2.9098703972638624,1.4964023956901222,8.154988064370645,0.001230635964039482,3,Caprin1
Q60899,20.21963176964949,20.36666372094427,20.71548614192797,21.772615812807924,21.464583639087138,21.63785598156725,20.21963176964949,20.36666372094427,20.71548614192797,21.772615812807924,21.464583639087138,21.63785598156725,0.002280209553251052,2.6420252391229586,1.1910912669801945,6.926755116346018,0.002280209553251052,5,Elavl2
Q60930,19.238787232701974,19.383805525943227,19.292685604212554,21.563790245523343,20.372733303453323,21.685215889520215,19.238787232701974,19.383805525943227,19.292685604212554,21.563790245523343,20.372733303453323,21.685215889520215,0.01066086521095189,1.972207547552043,1.9021536918797075,4.5196877119662355,0.01066086521095189,11,Vdac2
Q60972,NA,NA,NA,20.864914588472097,20.736861024924885,20.640682717795382,17.593676209737406,16.84350942335339,16.48526954535955,20.864914588472097,20.736861024924885,20.640682717795382,3.456434872098488e-4,3.4613716219016752,3.773334384247338,11.332534614621876,3.456434872098488e-4,5,Rbbp4
Q60973,20.922813754226024,20.832213221383256,21.223113192530047,21.80664086996436,21.78604303995033,21.445817099246035,20.922813754226024,20.832213221383256,21.223113192530047,21.80664086996436,21.78604303995033,21.445817099246035,0.014484448762212323,1.839098028184402,0.6867869470071319,4.130801771375403,0.014484448762212323,6,Rbbp7
Q61033,NA,NA,NA,20.047667121560753,19.96056198120372,19.88323095864482,16.088376725182222,16.532441025734045,16.217383426515802,20.047667121560753,19.96056198120372,19.88323095864482,1.2451733098844496e-5,4.904770196931165,3.6844196279924084,26.283639217180685,1.2451733098844496e-5,12,Tmpo
Q61171,23.288275822259557,23.5546160173623,23.57137954704095,24.216748818028144,24.323542452384466,24.131868889594966,23.288275822259557,23.5546160173623,23.57137954704095,24.216748818028144,24.323542452384466,24.131868889594966,0.00216515651726879,2.6645107034079887,0.7526295911149212,7.023159332936526,0.00216515651726879,3,Prdx2
Q61206,NA,NA,NA,18.878853198309564,18.77185051075112,18.495917469053897,16.90784835266463,16.262909851079492,18.074721324765996,18.878853198309564,18.77185051075112,18.495917469053897,0.03945970737400923,1.40384613972053,1.6337138832014872,3.0123314292935626,0.03945970737400923,3,Pafah1b2
Q61239,NA,NA,NA,19.06057456222613,18.970706963231134,18.951227789323667,16.78449102598428,17.28864602874119,15.51911127726526,19.06057456222613,18.970706963231134,18.951227789323667,0.00951312704852136,2.021676703179317,2.463420327596733,4.670731986601852,0.00951312704852136,3,Fnta
Q61584,19.465650098334763,19.68284374659352,19.698324845970202,20.55093462407121,20.360354159172225,20.42408835729366,19.465650098334763,19.68284374659352,19.698324845970202,20.55093462407121,20.360354159172225,20.42408835729366,8.988281520933376e-4,3.0463233335522863,0.8295194832128701,8.853243092994866,8.988281520933376e-4,6,Fxr1
Q61595,17.48219347068191,17.44661486853886,17.390958218040716,18.098566741960948,17.937097908730966,18.38030040344647,17.48219347068191,17.44661486853886,17.390958218040716,18.098566741960948,17.937097908730966,18.38030040344647,0.006146768367826246,2.211353152337136,0.698732832292297,5.285600918956549,0.006146768367826246,10,Ktn1
Q61701,18.80205560453261,19.20910110215732,19.468337664475147,20.406653452272955,20.165824617012472,20.522673474388952,18.80205560453261,19.20910110215732,19.468337664475147,20.406653452272955,20.165824617012472,20.522673474388952,0.005454313428728788,2.263259909215021,1.2052190575031005,5.464418913822674,0.005454313428728788,5,Elavl4
Q61937,23.505670077413562,23.35743065526777,23.7180603843081,24.498505464615334,24.556195898930174,24.454377618497496,23.505670077413562,23.35743065526777,23.7180603843081,24.498505464615334,24.556195898930174,24.454377618497496,8.523476033784009e-4,3.0693832556531033,0.9759726216845266,8.976513400677472,8.523476033784009e-4,3,Npm1
Q61990,20.174628275396703,20.509106161891307,20.621583308046173,21.469113141288748,21.523726571449533,21.60986587792776,20.174628275396703,20.509106161891307,20.621583308046173,21.469113141288748,21.523726571449533,21.60986587792776,0.001435093930604807,2.8431196723039966,1.0991292817772873,7.8319735225394345,0.001435093930604807,7,Pcbp2
Q62371,NA,NA,NA,18.91607771710132,18.66906497760162,18.973035859877086,16.4032804394656,16.185689697097132,16.357965123376285,18.91607771710132,18.66906497760162,18.973035859877086,2.4504854302107464e-5,4.610747875317394,2.5370810982136724,22.169596220337386,2.4504854302107464e-5,18,Ddr2
Q62426,22.38966179557296,22.20940457750933,22.41232484801042,23.96525585719477,23.814798358356907,24.100852230439905,22.38966179557296,22.20940457750933,22.41232484801042,23.96525585719477,23.814798358356907,24.100852230439905,1.0076146830432344e-4,3.996705512553249,1.6231717416329587,15.514243910370087,1.0076146830432344e-4,2,Cstb
Q63810,NA,NA,NA,19.98036274958498,19.648410249529647,20.120982000357845,16.501863650899697,16.898528596723146,16.830111127098615,19.98036274958498,19.648410249529647,20.120982000357845,6.931895734399653e-5,4.159147978317531,3.1730838749170047,17.055034983767154,6.931895734399653e-5,2,Ppp3r1
Q63918,19.19250954924784,19.079109727704076,19.516838812162728,21.281556540045703,21.33292597921445,21.23870561152909,19.19250954924784,19.079109727704076,19.516838812162728,21.281556540045703,21.33292597921445,21.23870561152909,1.123738300359425e-4,3.949334816830054,2.0215766805582014,15.091057386456397,1.123738300359425e-4,1,Cavin2
Q64337,NA,NA,NA,22.51871749990017,22.08307023911511,22.086572951183854,16.773331453925053,17.099957962342963,17.19804541957893,22.51871749990017,22.08307023911511,22.086572951183854,1.1325287514720591e-5,4.945950763754722,5.205675284784064,26.917152519038325,1.1325287514720591e-5,13,Sqstm1
Q6A065,18.0992861624771,18.40893504939141,18.584793718540507,20.04540239828345,19.847005334313636,20.272985093802898,18.0992861624771,18.40893504939141,18.584793718540507,20.04540239828345,19.847005334313636,20.272985093802898,8.434648956724603e-4,3.0739329876842123,1.6907926319969881,9.00102059820673,8.434648956724603e-4,10,Cep170
Q6IR34,17.767718930935438,17.73852772646318,18.12998728595621,18.96755838456214,18.83352634237848,18.828576595772493,17.767718930935438,17.73852772646318,18.12998728595621,18.96755838456214,18.83352634237848,18.828576595772493,0.0017315551119887534,2.7615636811565656,0.9978091264527613,7.452933474564908,0.0017315551119887534,10,Gpsm1
Q6IRU2,20.523917961081136,20.0371125615231,20.102134626116243,21.590853817407716,21.274237087526675,21.514798796424092,20.523917961081136,20.0371125615231,20.102134626116243,21.590853817407716,21.274237087526675,21.514798796424092,0.0023337066753724676,2.631953731526559,1.2389081842126686,6.883950577628495,0.0023337066753724676,2,Tpm4
Q6NS46,NA,NA,NA,18.745995943185424,18.360332723829256,18.605233530551157,17.55978868593988,17.48633728137173,16.746689092326747,18.745995943185424,18.360332723829256,18.605233530551157,0.009919238778944442,2.0035216551430812,1.3062490459758287,4.614872635875583,0.009919238778944442,29,Pdcd11
Q6NZF1,NA,NA,NA,18.162312645599027,17.71639078949768,17.83015617208523,17.243832434235276,16.755027587448808,16.468733631828343,18.162312645599027,17.71639078949768,17.83015617208523,0.014730506083630862,1.8317823322101414,1.0804219845565015,4.110136532544135,0.014730506083630862,15,Zc3h11a
Q6P9L6,NA,NA,NA,18.017917559589858,17.99203105731028,18.042011997304265,16.95956492681712,17.380604406703767,17.47848579782006,18.017917559589858,17.99203105731028,18.042011997304265,0.009608492367079238,2.017344750523261,0.7444351609544846,4.657358057223805,0.009608492367079238,19,Kif15
Q6P9P6,18.136059898541635,NA,NA,19.57453809485462,19.02485829932565,19.633623201727794,18.136059898541635,17.125369586270573,15.736121018912051,19.57453809485462,19.02485829932565,19.633623201727794,0.02884372479211254,1.5399486568441982,2.4118230307279376,3.339703773572904,0.02884372479211254,18,Kif11
Q6PB44,NA,NA,NA,21.348840514667703,21.180346262973888,21.096805217185366,16.93980786465608,16.520865742708203,16.791983415584767,21.348840514667703,21.180346262973888,21.096805217185366,6.367757257011733e-6,5.196013500538867,4.457778323959303,31.102437108143828,6.367757257011733e-6,15,Ptpn23
Q6PDM2,20.59386523166089,20.13896169978251,20.68294659177333,22.16069500193745,22.378380592982523,22.274720521536917,20.59386523166089,20.13896169978251,20.68294659177333,22.16069500193745,22.378380592982523,22.274720521536917,5.604245278472363e-4,3.2514828653998302,1.799340864413388,10.007270075439624,5.604245278472363e-4,2,Srsf1
Q6PGG6,NA,NA,NA,18.633853756269378,18.484594780907752,18.417366327530125,16.5344758526742,15.891739398403827,16.513594497618424,18.633853756269378,18.484594780907752,18.417366327530125,5.667251208342077e-4,3.2466275362593735,2.198668372003599,9.97841287384491,5.667251208342077e-4,14,Gnl3l
Q6PGH2,NA,NA,NA,20.6065714855181,20.39016055747603,20.66968785810675,17.409860955581753,16.530759956765912,17.08295833093359,20.6065714855181,20.39016055747603,20.66968785810675,1.9415856881319006e-4,3.711843437947367,3.547613552606542,13.132506698984203,1.9415856881319006e-4,1,Jpt2
Q6Y7W8,NA,NA,NA,19.261966342277578,18.666189322217093,18.877206234708243,16.521423607222932,16.42963137505175,17.086497669992035,19.261966342277578,18.666189322217093,18.877206234708243,0.0011129018181300961,2.9535431480868035,2.2559364156453974,8.372800542649465,0.0011129018181300961,5,Gigyf2
Q6ZQ58,19.107380563045904,19.201032664034926,18.500670742277734,20.640241405185755,20.52563932617571,20.460339901371587,19.107380563045904,19.201032664034926,18.500670742277734,20.640241405185755,20.52563932617571,20.460339901371587,0.0020637090526385727,2.685351530756183,1.6057122211248291,7.113559451425727,0.0020637090526385727,7,Larp1
Q7TMK9,19.955604504779682,20.036173612553483,20.175115795901768,20.8555163842321,20.936177822576763,20.850717932611847,19.955604504779682,20.036173612553483,20.175115795901768,20.8555163842321,20.936177822576763,20.850717932611847,2.938270512443425e-4,3.531908223299576,0.8251727420619268,11.81404828982156,2.938270512443425e-4,4,Syncrip
Q7TNC4,NA,NA,NA,20.540283205944327,20.63776755675395,19.36307386236369,16.55393504460201,15.531652913365743,15.974660762955471,20.540283205944327,20.63776755675395,19.36307386236369,0.0011871619137961073,2.925490044758369,4.1602919680462485,8.23229095002114,0.0011871619137961073,7,Luc7l2
Q7TNE3,NA,NA,NA,19.332499907547586,19.23100080631613,19.06439543553463,17.177801839220248,16.60476499551871,17.119459884414294,19.332499907547586,19.23100080631613,19.06439543553463,3.4769203367504103e-4,3.4588052597642687,2.2419564767483635,11.315372365871763,3.4769203367504103e-4,2,Spag7
Q7TQH0,19.707622009532287,19.574186972993253,19.91507116019281,21.421419740207835,21.163369592101333,21.608151927511898,19.707622009532287,19.574186972993253,19.91507116019281,21.421419740207835,21.163369592101333,21.608151927511898,5.131769839698603e-4,3.2897328300037274,1.6653537057009054,10.237355120827637,5.131769839698603e-4,5,Atxn2l
Q7TSC1,18.702152389205363,18.64702269643989,18.614357580643578,20.508235815960965,19.658678709490697,19.6705698120582,18.702152389205363,18.64702269643989,18.614357580643578,20.508235815960965,19.658678709490697,19.6705698120582,0.01023886482976003,1.9897481903816019,1.2913172237403465,4.572825796358069,0.01023886482976003,10,Prrc2a
Q80TH2,NA,NA,NA,18.094706582755094,18.12464639087054,18.413322156861085,16.603978653028385,17.520326808322455,17.01231010474279,18.094706582755094,18.12464639087054,18.413322156861085,0.014785772876428793,1.8301559692646527,1.1653531881310286,4.10555208705739,0.014785772876428793,16,Erbin
Q80TY0,NA,NA,NA,19.807002658585976,19.943779653275048,19.910130318799922,15.710700442943866,16.602705363672992,15.362200633746143,19.807002658585976,19.943779653275048,19.910130318799922,4.246230868143129e-4,3.371996396878721,3.995102063432647,10.749148305393671,4.246230868143129e-4,7,Fnbp1
Q80U72,NA,NA,NA,18.61884430176665,18.55738142877747,18.7386266778715,17.383761546577244,16.374854343601704,16.481235651116968,18.61884430176665,18.55738142877747,18.7386266778715,0.004311410626650669,2.3653806121737477,1.8916669557065688,5.830505720611727,0.004311410626650669,21,Scrib
Q80UG5,20.64702269643989,20.638739931745558,20.66847645453456,21.455782726999985,21.33625374524321,21.190449253074704,20.64702269643989,20.638739931745558,20.66847645453456,21.455782726999985,21.33625374524321,21.190449253074704,9.385025323067191e-4,3.027564551209549,0.6760822141992939,8.754115455298141,9.385025323067191e-4,6,Septin9
Q80UY2,NA,NA,NA,17.94940498174875,17.733836246024005,18.000253136253043,17.020582002332993,17.05480073520702,16.99767384391373,17.94940498174875,17.733836246024005,18.000253136253043,4.7523524236553976e-4,3.323091360540844,0.8701459275240175,10.44206184271017,4.7523524236553976e-4,12,Kcmf1
Q80VJ3,NA,NA,NA,20.72924565674838,20.97197008460838,21.026074908005665,16.40745761715821,15.998238059641833,16.502586310693676,20.72924565674838,20.97197008460838,21.026074908005665,1.373686200869142e-5,4.862112464362006,4.6063362206229,25.642971820137344,1.373686200869142e-5,4,Dnph1
Q80XI4,NA,NA,NA,18.929171705608557,18.85847887607706,19.248872637686087,16.699453587344664,16.770437409294946,16.628261624079133,18.929171705608557,18.85847887607706,19.248872637686087,5.333251906918336e-5,4.2730079026848635,2.312790199550985,18.223114959685443,5.333251906918336e-5,7,Pip4k2b
Q80YN3,NA,NA,NA,18.88753598010799,19.939194661700352,20.376235636166083,17.616407639938497,17.098398973292632,17.278929182812576,18.88753598010799,19.939194661700352,20.376235636166083,0.006771651701281306,2.1693053878492274,2.4030768273102403,5.144182022934669,0.006771651701281306,8,Bcas1
Q810D6,NA,NA,NA,19.51956715071484,19.758558313989383,19.86624357938141,15.601790241905222,16.882214368369777,15.717921957665066,19.51956715071484,19.758558313989383,19.86624357938141,9.807064049056071e-4,3.008460988352381,3.647480825381855,8.65421356008935,9.807064049056071e-4,8,Grwd1
Q810U5,NA,NA,NA,18.98903963696239,19.072425736986443,19.65396464324901,16.283965708812712,17.388937751510976,17.02235119763284,18.98903963696239,19.072425736986443,19.65396464324901,0.0037532153142412756,2.4255965202912666,2.340058453080438,6.055670234995943,0.0037532153142412756,3,Ccdc50
Q811D0,NA,NA,NA,19.438739069294577,19.080463637605398,19.25174127955151,17.26870210483535,16.862424357510818,16.646745424270218,19.438739069294577,19.080463637605398,19.25174127955151,3.7221334722737043e-4,3.4292080575264134,2.331024033278368,11.11921890715654,3.7221334722737043e-4,7,Dlg1
Q8BGD9,20.008127664455778,19.984401769087118,20.077441630925218,21.79217387608403,21.435120844988756,21.95999627389684,20.008127664455778,19.984401769087118,20.077441630925218,21.79217387608403,21.435120844988756,21.95999627389684,4.0997172979793017e-4,3.3872460896609016,1.7057733101671708,10.846634671432973,4.0997172979793017e-4,3,Eif4b
Q8BHK9,17.843896522125107,NA,17.846775848201208,19.13963628249422,18.43615845507833,18.965953340581763,17.843896522125107,17.25978646091535,17.846775848201208,19.13963628249422,18.43615845507833,18.965953340581763,0.014160160981581156,1.8489318092864353,1.1970964156375494,4.15869275480528,0.014160160981581156,14,Ercc6l
Q8BHL8,19.12113381505239,19.25741546756299,19.0857110351879,20.779325006665985,20.947922252902007,20.151526966909092,19.12113381505239,19.25741546756299,19.0857110351879,20.779325006665985,20.947922252902007,20.151526966909092,0.004037879511666616,2.393846644332208,1.471504636224605,5.936064120676924,0.004037879511666616,3,Psmf1
Q8BIA4,NA,NA,NA,18.1356090954699,17.911520727275843,18.25308110819682,17.684772015272905,16.391697035474195,16.50147595556835,18.1356090954699,17.911520727275843,18.25308110819682,0.04353470994131938,1.3611643447683643,1.2407553082090388,2.913287102021339,0.04353470994131938,10,Fbxw8
Q8BIE6,NA,NA,NA,19.39780413147458,19.248548400120754,19.386691907205854,16.488354922865003,16.509347473630243,16.514018756927644,19.39780413147458,19.248548400120754,19.386691907205854,5.154018610458001e-7,6.287854017604163,2.840441095126099,58.383359963465125,5.154018610458001e-7,10,Frmd4a
Q8BIQ5,NA,NA,19.86856637168973,22.626716109404548,22.51907758252662,21.93387503670734,16.550737829320536,17.449908639826322,19.86856637168973,22.626716109404548,22.51907758252662,21.93387503670734,0.012219141416773075,1.9129593089099635,4.403485295933972,4.343515210615835,0.012219141416773075,2,Cstf2
Q8BK64,19.521715445905052,19.45145261422514,19.68519021932284,20.259370884700704,20.29961049991894,20.613782271694596,19.521715445905052,19.45145261422514,19.68519021932284,20.259370884700704,20.29961049991894,20.613782271694596,0.0031258779147380297,2.5050279879262316,0.8381351256204042,6.363802156187723,0.0031258779147380297,4,Ahsa1
Q8BMK0,NA,18.587872720279197,NA,19.19513186638216,19.634297026857467,19.469868333354285,16.974731954020672,18.587872720279197,17.23045056611406,19.19513186638216,19.634297026857467,19.469868333354285,0.02375173568330275,1.6243046483491035,1.8354139953933242,3.552194995953551,0.02375173568330275,14,Cep85
Q8BT07,NA,NA,NA,19.3777612662901,19.20841060667554,19.31557415490396,16.670080521060957,15.793212642010182,16.998590352044552,19.3777612662901,19.20841060667554,19.31557415490396,0.001495771892850194,2.825134631892601,2.813287504251303,7.746935220131128,0.001495771892850194,6,Cep55
Q8BWW4,18.917710054978816,NA,NA,20.603133695495227,20.49511722420413,20.148178638066614,18.917710054978816,16.371938732620574,16.351261939407014,20.603133695495227,20.49511722420413,20.148178638066614,0.02065476720849048,1.6849796954168914,3.2018396102531916,3.7099594291948064,0.02065476720849048,13,Larp4
Q8C181,NA,NA,NA,19.531647981116315,19.6097486725075,19.55758710203192,16.690817073398822,17.010628517002402,16.601185659438798,19.531647981116315,19.6097486725075,19.55758710203192,2.4602176554314784e-5,4.609026469168433,2.7987841686052377,22.14748994179563,2.4602176554314784e-5,13,Mbnl2
Q8C5L3,NA,NA,NA,19.99036992294036,19.86022313922435,20.141209083251773,17.03825040241454,16.47924122242652,17.621095848407382,19.99036992294036,19.86022313922435,20.141209083251773,9.642921830200562e-4,3.0157913538079066,2.9510715573893442,8.692423396763605,9.642921830200562e-4,3,Cnot2
Q8C8U0,NA,18.573003617601543,NA,20.747225967167246,20.55852161109484,20.78332760339855,16.694304011952177,18.573003617601543,17.145093025865375,20.747225967167246,20.55852161109484,20.78332760339855,0.004822714049205649,2.316708487722257,3.2255581754138483,5.653606823399675,0.004822714049205649,11,Ppfibp1
Q8CDN6,20.773783123285117,20.516819580203453,20.677537283988414,21.563138537633698,21.71699357288511,21.57828423040153,20.773783123285117,20.516819580203453,20.677537283988414,21.563138537633698,21.71699357288511,21.57828423040153,4.22725662510556e-4,3.3739413865489665,0.9634254511477813,10.761535779311428,4.22725662510556e-4,7,Txnl1
Q8CGF7,NA,NA,NA,17.538522401526155,18.096303367689426,17.32667525243412,16.80992722943706,15.14706130458107,15.996778334870015,17.538522401526155,18.096303367689426,17.32667525243412,0.03494905788509287,1.4565645269517817,1.6692447175871852,3.136986148987531,0.03494905788509287,4,Tcerg1
Q8CHC4,NA,NA,NA,17.441679807088786,17.915610995421197,17.929027188980914,16.484276833503472,16.82630160829108,15.49137323876069,17.441679807088786,17.915610995421197,17.929027188980914,0.025667901721897944,1.5906096322185876,1.4947887703118852,3.4663879200065715,0.025667901721897944,23,Synj1
Q8K0D0,NA,NA,NA,17.59586935466421,17.609856862464248,17.25395825277439,16.3141327966004,15.898710551534139,15.951350458417139,17.59586935466421,17.609856862464248,17.25395825277439,0.0012130636072327187,2.916116426218403,1.4318302211170568,8.185820838812505,0.0012130636072327187,5,Cdk17
Q8K2D3,16.900536655625114,NA,NA,18.206241731404862,17.722340607186172,18.583104809815,16.900536655625114,15.618080229502386,16.183987196749708,18.206241731404862,17.722340607186172,18.583104809815,0.012324948203673882,1.909214897195226,1.9363610221762748,4.332549948743295,0.012324948203673882,12,Edc3
Q8K2Q9,NA,NA,NA,18.936321624723995,17.972026197676623,18.763575485140976,17.82435130123677,17.34843871276174,17.011929179164557,18.936321624723995,17.972026197676623,18.763575485140976,0.03741177282733064,1.4269917114520354,1.1624013714595094,3.0667372351946787,0.03741177282733064,9,Shtn1
Q8QZY9,NA,NA,NA,19.49118763754795,19.717579370931745,19.67626357857955,16.33844079236837,17.028758116403267,17.469777648074427,19.49118763754795,19.717579370931745,19.67626357857955,0.0013414540113098736,2.872424211532263,2.6826846767377255,7.972332406669784,0.0013414540113098736,1,Sf3b4
Q8R016,19.613422587065234,19.472845500602386,19.43501907832974,20.30329469123038,20.59204088260533,20.58297622491342,19.613422587065234,19.472845500602386,19.43501907832974,20.30329469123038,20.59204088260533,20.58297622491342,8.348262336325174e-4,3.0784039120948066,0.9856748775839215,9.025163372990496,8.348262336325174e-4,11,Blmh
Q8R0A0,NA,NA,NA,19.551178777808705,19.29985640559083,19.546608134624886,16.282892341537586,15.86597021076028,16.647005763905888,19.551178777808705,19.29985640559083,19.546608134624886,1.840757948713701e-4,3.735003315487933,3.2005916672735566,13.312134216690978,1.840757948713701e-4,1,Gtf2f2
Q8R1Q8,19.60349595413891,19.626493323444148,19.468914340814287,20.259600759628036,19.970706963231134,20.305634287546713,19.60349595413891,19.626493323444148,19.468914340814287,20.259600759628036,19.970706963231134,20.305634287546713,0.006130286489900822,2.212519228895013,0.6123461306695148,5.289566095495783,0.006130286489900822,5,Dync1li1
Q8R2N2,NA,NA,NA,17.603640832130687,17.783855117477316,18.161869972859144,16.89232588933296,16.824591847171508,17.321636190329798,17.603640832130687,17.783855117477316,18.161869972859144,0.020906902981117897,1.6797102961075914,0.8369373318776283,3.696088308893021,0.020906902981117897,12,Utp4
Q8R3G1,18.698223091274027,18.747209573743717,19.32792537401234,19.578486945405913,20.248177753651998,19.678448841837415,18.698223091274027,18.747209573743717,19.32792537401234,19.578486945405913,20.248177753651998,19.678448841837415,0.03503837182605417,1.4554560829659726,0.9105851672884135,3.134337954771983,0.03503837182605417,3,Ppp1r8
Q91V12,22.183439118026108,22.02961750117949,21.622700688897986,22.44460445318363,23.127577513765498,22.847204192754486,22.183439118026108,22.02961750117949,21.622700688897986,22.44460445318363,23.127577513765498,22.847204192754486,0.029364351237044572,1.532179589824738,0.8612096172000072,3.3205169678903808,0.029364351237044572,8,Acot7
Q91VX2,NA,NA,19.023857207483623,20.40353635698569,20.17096661089073,20.48433909376324,16.245438497944047,16.761252156324975,19.023857207483623,20.40353635698569,20.17096661089073,20.48433909376324,0.024766102194090193,1.6061423393488117,3.009431399962338,3.5057865840560973,0.024766102194090193,7,Ubap2
Q91WU5,19.1034414964303,18.6053420596231,18.94163225266887,21.129182379015248,20.708093720746085,21.038117900608793,19.1034414964303,18.6053420596231,18.94163225266887,21.129182379015248,20.708093720746085,21.038117900608793,4.3845752976876326e-4,3.3580724672474043,2.074992730549287,10.660860342959873,4.3845752976876326e-4,12,As3mt
Q91XI1,NA,NA,NA,19.934019068558996,20.204905416474396,20.327289482610126,16.550121378036625,16.091415048785542,16.709597645202805,19.934019068558996,20.204905416474396,20.327289482610126,7.119309925679863e-5,4.147562100463369,3.705026631872851,16.94036584307743,7.119309925679863e-5,24,Dus3l
Q91Z38,17.597616135272183,17.279755655721107,NA,18.885243553773662,19.13866178396668,19.099671418803563,17.597616135272183,17.279755655721107,17.528646106803613,18.885243553773662,19.13866178396668,19.099671418803563,2.2693174020618632e-4,3.644104756506634,1.5725196195823337,12.62040533199414,2.2693174020618632e-4,8,Ttc1
Q921W4,17.40690252919486,17.400245717103424,17.366322214245816,19.72334097360154,19.350546453516372,19.90655301149893,17.40690252919486,17.400245717103424,17.366322214245816,19.72334097360154,19.350546453516372,19.90655301149893,1.584617296729696e-4,3.800075607886105,2.2689899926909156,13.829598857102495,1.584617296729696e-4,6,Cryzl1
Q922H1,NA,NA,NA,18.95239431629554,18.4520159626431,18.751204056811815,16.219415564360492,16.20319843635482,16.728329351839797,18.95239431629554,18.4520159626431,18.751204056811815,4.911502212059333e-4,3.3087856560181166,2.334890327731781,10.353807160228452,4.911502212059333e-4,12,Prmt3
Q922Q4,NA,NA,NA,19.8470818215732,19.728016813548948,20.01154394604477,16.494816146121988,16.823554910813023,16.485172047623838,19.8470818215732,19.728016813548948,20.01154394604477,1.9178384466206188e-5,4.7171879793844536,3.261033158869356,23.579654235270574,1.9178384466206188e-5,6,Pycr2
Q923D2,19.43914504485503,19.443765109611018,19.692104638370505,20.362067955546767,20.222582670741478,20.170844395206732,19.43914504485503,19.443765109611018,19.692104638370505,20.362067955546767,20.222582670741478,20.170844395206732,0.001991428905141099,2.700835193475618,0.7268267428861428,7.181382310334599,0.001991428905141099,2,Blvrb
Q99020,21.96965351664114,21.84697473827434,21.798713845846223,23.058937715940395,23.015122356414018,22.899604009317144,21.96965351664114,21.84697473827434,21.798713845846223,23.058937715940395,23.015122356414018,22.899604009317144,8.750369950943847e-5,4.057973585348308,1.1194406603032867,16.078737486378664,8.750369950943847e-5,2,Hnrnpab
Q99J09,NA,NA,NA,19.58339867513307,19.277759599123243,19.659497734472644,16.897363219679956,16.51434228840462,17.319641806454293,19.58339867513307,19.277759599123243,19.659497734472644,5.664904148796993e-4,3.2468074340796167,2.5964362313966944,9.97948068908845,5.664904148796993e-4,12,Wdr77
Q99K48,18.581450701149656,19.0533001651963,18.8905077302697,19.628790821726422,19.69885046426622,19.138511802674934,18.581450701149656,19.0533001651963,18.8905077302697,19.628790821726422,19.69885046426622,19.138511802674934,0.044695941103056636,1.3497319139280592,0.6469648306839737,2.887032873378362,0.044695941103056636,2,Nono
Q99KJ8,18.271162070289574,18.060970294577146,17.96674200637932,19.395672193004632,19.709440617836226,19.7090871790503,18.271162070289574,18.060970294577146,17.96674200637932,19.395672193004632,19.709440617836226,19.7090871790503,4.0040566327266384e-4,3.3974997885586684,1.5051085395483703,10.912652492230647,4.0040566327266384e-4,2,Dctn2
Q99KW3,NA,NA,NA,19.18143861614667,19.136760867895763,19.18197235460666,16.67905278249581,15.831998953967942,16.62911503362654,19.18143861614667,19.136760867895763,19.18197235460666,5.325144942813688e-4,3.273668566854954,2.7866683561862686,10.140126130428946,5.325144942813688e-4,34,Triobp
Q99LJ0,NA,NA,17.703673809423933,18.691218713187656,18.814970423405544,18.52140874237949,17.056384181338757,16.77788551772266,17.703673809423933,18.691218713187656,18.814970423405544,18.52140874237949,0.006462085636064503,2.189627290975782,1.4965514568291134,5.21215287759363,0.006462085636064503,8,Cttnbp2nl
Q99LN9,19.293000073457314,NA,NA,21.432319642857276,21.084011617666985,21.32712498231073,19.293000073457314,16.086719066768868,17.308839947494786,21.432319642857276,21.084011617666985,21.32712498231073,0.01673416810474071,1.7763958725802234,3.7182990517046726,3.9559609898418198,0.01673416810474071,7,Dohh
Q99LX0,19.43636182055715,NA,NA,21.201080539229174,21.14507138930809,21.34624534975106,19.43636182055715,16.74474117563628,16.46995658656575,21.201080539229174,21.14507138930809,21.34624534975106,0.0178203993702096,1.749082567283727,3.680445898509717,3.8813796115460812,0.0178203993702096,4,Park7
Q99NH0,NA,NA,NA,18.539810082586893,18.008100301559196,18.439855227307344,17.553517982881104,16.30548261152884,16.860745609620498,18.539810082586893,18.008100301559196,18.439855227307344,0.022938021849280545,1.6394440379162116,1.4226731358076634,3.591163037105864,0.022938021849280545,34,Ankrd17
Q99NH2,NA,NA,NA,19.687584138466484,19.57350296402968,19.75161270367268,17.36706424959397,17.015409303669227,16.544866786902944,19.687584138466484,19.57350296402968,19.75161270367268,3.8077247392664904e-4,3.4193344543365325,2.695119822000901,11.054502688484671,3.8077247392664904e-4,12,Pard3
Q99PG2,18.253496664211536,18.00398997842836,18.311322594732093,19.250862785628783,18.553636792935468,18.969274087484852,18.253496664211536,18.00398997842836,18.311322594732093,19.250862785628783,18.553636792935468,18.969274087484852,0.03020927925433146,1.5198596361832142,0.7349881428923695,3.2902196070979595,0.03020927925433146,10,Ogfr
Q9CPT5,NA,17.761758978868755,17.950829246915553,20.36110419560237,20.149047469794706,20.13646049416141,16.713383074567943,17.761758978868755,17.950829246915553,20.36110419560237,20.149047469794706,20.13646049416141,0.0021971656858586785,2.658137192173251,2.7402136197354103,6.995715116356433,0.0021971656858586785,1,Nop16
Q9CPU0,NA,NA,NA,18.693874858327057,19.873140675341777,19.38950950758082,17.386062808290482,16.669684923618895,16.34134404224893,18.693874858327057,19.873140675341777,19.38950950758082,0.005437298486124185,2.2646168252991017,2.5198110890304477,5.469157649286623,0.005437298486124185,3,Glo1
Q9CQ48,NA,NA,18.547361500198605,19.588623146845343,19.307102951358686,19.712416166380642,16.98182469507866,15.564311372545758,18.547361500198605,19.588623146845343,19.307102951358686,19.712416166380642,0.04501936577894417,1.3466006275195281,2.5048815655872154,2.879861834758099,0.04501936577894417,3,Nudcd2
Q9CQ65,19.80749014322187,19.858387813133266,19.95319042717569,20.733803153272664,20.730241248281978,21.015020239195657,19.80749014322187,19.858387813133266,19.95319042717569,20.733803153272664,20.730241248281978,21.015020239195657,7.73289403059678e-4,3.1116579412305123,0.9533320857398238,9.20661813287876,7.73289403059678e-4,10,Mtap
Q9CQR2,20.382898389464508,20.37888326957735,20.47169505766228,21.31179930432127,21.25447736343938,21.367730408638625,20.382898389464508,20.37888326957735,20.47169505766228,21.31179930432127,21.25447736343938,21.367730408638625,3.547419337310879e-5,4.4500874709258955,0.9001767865650443,20.19731259863762,3.547419337310879e-5,2,Rps21
Q9CQU5,NA,NA,NA,20.808920195773435,20.42603538360593,20.755073384324483,16.960935350935912,16.587378884263586,16.12562191614412,20.808920195773435,20.42603538360593,20.755073384324483,1.0844667234564537e-4,3.96478376964422,4.105364270786744,15.227822660637626,1.0844667234564537e-4,3,Zwint
Q9CR95,NA,NA,NA,19.64909475238128,19.34717582062555,19.659184120265138,16.318978129796225,15.497071531904037,17.124097917217885,19.64909475238128,19.34717582062555,19.659184120265138,0.0025299596930745956,2.5968863978813874,3.2384357047846066,6.736702279479216,0.0025299596930745956,1,Necap1
Q9CRB6,19.308592339972225,19.18589654179767,19.557549709075595,21.262126969354977,21.404368241132072,21.226527438956733,19.308592339972225,19.18589654179767,19.557549709075595,21.262126969354977,21.404368241132072,21.226527438956733,9.037506566233581e-5,4.043951374159048,1.9469946861994316,15.947804732471448,9.037506566233581e-5,3,Tppp3
Q9CRT8,NA,NA,NA,18.56926227291609,18.6778985361841,18.771947202888878,16.444320791863642,16.439365172742132,16.074791727279873,18.56926227291609,18.6778985361841,18.771947202888878,6.477217555707136e-5,4.188611515690224,2.3535434400344712,17.350074289776206,6.477217555707136e-5,21,Xpot
Q9CT10,NA,NA,NA,19.985652962166554,19.701661811818308,19.567685039741736,17.066651237940615,16.39972633174334,16.38976639676766,19.985652962166554,19.701661811818308,19.567685039741736,2.5458646563735767e-4,3.5941646880949705,3.1329519490916624,12.255189673769866,2.5458646563735767e-4,5,Ranbp3
Q9CWS0,NA,NA,NA,19.70903668072608,19.441740586691555,19.53600052167655,17.271274776432687,16.5756650875174,16.621002998694266,19.70903668072608,19.441740586691555,19.53600052167655,3.2487484378797407e-4,3.4882839163159782,2.739611642149942,11.514003531524288,3.2487484378797407e-4,7,Ddah1
Q9CX86,21.160541139084334,21.121045258422043,21.46946097621513,22.04052785994011,21.951306061504134,22.150473701280934,21.160541139084334,21.121045258422043,21.46946097621513,22.04052785994011,21.951306061504134,22.150473701280934,0.0030385762356822726,2.5173298630452168,0.7970867496678871,6.412691641646752,0.0030385762356822726,3,Hnrnpa0
Q9CY58,20.00470327395439,19.97715132934381,20.43002369779541,21.868950629260492,21.77739980866101,21.69867245370838,20.00470327395439,19.97715132934381,20.43002369779541,21.868950629260492,21.77739980866101,21.69867245370838,4.426016720569836e-4,3.3539869497315133,1.6443815301787588,10.635085294705835,4.426016720569836e-4,2,Serbp1
Q9CYL5,18.444513463625974,NA,NA,20.4965807502224,19.74391070817446,20.288839045003733,18.444513463625974,17.143248309229275,17.120711776422432,20.4965807502224,19.74391070817446,20.288839045003733,0.0060818613786286155,2.215963482775041,2.606952318040971,5.301291877133658,0.0060818613786286155,2,Glipr2
Q9CZA6,NA,NA,NA,18.69747667079504,18.482587402104745,18.537688583273614,17.001642266611128,17.751627592968763,15.688218106759765,18.69747667079504,18.482587402104745,18.537688583273614,0.044113308837897484,1.3554303655690052,1.7587548966112472,2.9001049149400875,0.044113308837897484,1,Nde1
Q9CZR8,19.063184391979497,19.311633028168156,19.274419105226723,20.10750827473022,20.24783018608375,20.146439403328078,19.063184391979497,19.311633028168156,19.274419105226723,20.10750827473022,20.24783018608375,20.146439403328078,4.1512727836378325e-4,3.3818187278269134,0.9508471129225562,10.81184393866045,4.1512727836378325e-4,7,Tsfm
Q9D0B0,NA,NA,NA,18.60414779055995,18.7943016281617,18.843743205400994,17.52381341367249,17.572076239266575,16.95645152135326,18.60414779055995,18.7943016281617,18.843743205400994,0.0026881225334875,2.570550938592699,1.3966171499434417,6.627920954913118,0.0026881225334875,2,Srsf9
Q9D0D5,NA,NA,NA,19.289041751377045,19.21809491241139,19.409515243888844,17.15847491320769,16.628779523520716,16.946450691525573,19.289041751377045,19.21809491241139,19.409515243888844,1.2726158128716918e-4,3.8953026847456744,2.3943155931411013,14.622041485709707,1.2726158128716918e-4,8,Gtf2e1
Q9D1C1,18.360889939265615,17.93859179834882,NA,20.30885893386095,20.061445030157305,20.22952295950713,18.360889939265615,17.93859179834882,16.551970804359573,20.30885893386095,20.061445030157305,20.22952295950713,0.009407968742445112,2.0265041341895094,2.582791460517125,4.68566929917436,0.009407968742445112,3,Ube2c
Q9D1J3,20.29927510644053,19.900271299864418,19.914180720304234,21.07887526810447,21.481582664323913,21.08621658219717,20.29927510644053,19.900271299864418,19.914180720304234,21.07887526810447,21.481582664323913,21.08621658219717,0.0032185967757887993,2.4923334281043172,1.1776491293387892,6.313685113808726,0.0032185967757887993,1,Sarnp
Q9D1Q6,17.703471046071947,17.41625324819032,NA,18.06307903578557,18.150857922538847,18.278349630608087,17.703471046071947,17.41625324819032,16.633972006970094,18.06307903578557,18.150857922538847,18.278349630608087,0.048642397519115366,1.3129850274100494,0.9128634292333828,2.8034066073082817,0.048642397519115366,7,Erp44
Q9D2Q3,NA,NA,NA,18.110748366814104,18.01889562112165,18.082128245899554,17.425081354846075,16.16710258001141,15.609566073858325,18.110748366814104,18.01889562112165,18.082128245899554,0.03600150370665072,1.4436793592920925,1.6700074083731664,3.1062752557982987,0.03600150370665072,9,Paat
Q9D8S9,NA,NA,NA,20.046068862489367,19.717110751524775,19.353607762133745,16.308849554715845,16.527248339868038,17.481271820462016,20.046068862489367,19.717110751524775,19.353607762133745,0.002053570288934059,2.68749042766605,2.9331392203673268,7.122894765080141,0.002053570288934059,3,Bola1
Q9D9K3,NA,NA,NA,20.71011359512698,20.542646498155936,20.71448031220499,16.977157581823942,16.98434249233729,16.63302388319761,20.71011359512698,20.542646498155936,20.71448031220499,7.981240687149199e-6,5.097929592145471,3.7909054827096895,29.388946901368605,7.981240687149199e-6,3,Aven
Q9DAW9,18.624816869992014,NA,NA,19.9470661387195,19.457857775898827,19.399140211599835,18.624816869992014,16.115483558476328,15.92923553014021,19.9470661387195,19.457857775898827,19.399140211599835,0.037686459327307006,1.4238146629442487,2.7115093892032007,3.059239693253618,0.037686459327307006,3,Cnn3
Q9DBC7,21.793762047799774,22.26358900059922,22.421419740207835,23.469858399182662,23.351242285850056,23.67831128510191,21.793762047799774,22.26358900059922,22.421419740207835,23.469858399182662,23.351242285850056,23.67831128510191,0.0031677063677683767,2.499255082375511,1.3402137271759322,6.3409694395258125,0.0031677063677683767,5,Prkar1a
Q9ERG0,NA,NA,NA,18.928593552219173,18.580420520009664,19.33241249267596,15.776200572510536,16.575407084438467,16.575771569502855,18.928593552219173,18.580420520009664,19.33241249267596,0.0015513966205511038,2.809277158926129,2.638015779484313,7.672644335554825,0.0015513966205511038,11,Lima1
Q9ESN9,NA,NA,17.452096423034124,18.0838428639448,17.78519701086865,18.620849835857115,16.57152465237934,15.778996998081798,17.452096423034124,18.0838428639448,17.78519701086865,18.620849835857115,0.044779015789790086,1.3489254561290418,1.5624238790584357,2.8851851707684943,0.044779015789790086,22,Mapk8ip3
Q9ESP1,NA,NA,NA,21.23292208820194,21.213711798105674,21.413745675343602,17.62733267613947,17.616425413765473,17.06062790987334,21.23292208820194,21.213711798105674,21.413745675343602,4.0880219381409165e-5,4.3884867822500615,3.851997853957645,19.48781427437872,4.0880219381409165e-5,4,Sdf2l1
Q9JHJ0,NA,NA,18.804578516039026,21.945852439986773,20.802229196003456,21.859465023052994,16.576202965764672,16.53826135284547,18.804578516039026,21.945852439986773,20.802229196003456,21.859465023052994,0.007140244584314261,2.146286911501312,4.229501274798018,5.068032868917369,0.007140244584314261,2,Tmod3
Q9JI10,NA,NA,NA,19.357779641351577,19.584078009507838,19.321201457209177,17.40893428524658,16.06831326538586,16.439193014674558,19.357779641351577,19.584078009507838,19.321201457209177,0.0024184725495186464,2.616458837636797,2.7822061809205323,6.818546126986445,0.0024184725495186464,5,Stk3
Q9JIX8,19.333897825637536,19.1685937767871,19.266136844990307,20.241908689936324,20.46343656492973,19.944494743768445,19.333897825637536,19.1685937767871,19.266136844990307,20.241908689936324,20.46343656492973,19.944494743768445,0.0036852255667531894,2.433535924521866,0.960403850406518,6.085891877684942,0.0036852255667531894,7,Acin1
Q9JK92,19.34672147958991,19.44596860836079,19.683152260141036,22.04613549197978,21.749109969475608,21.873012972302202,19.34672147958991,19.44596860836079,19.683152260141036,22.04613549197978,21.749109969475608,21.873012972302202,5.3768799642703274e-5,4.269469658787325,2.397472028555285,18.185664306257276,5.3768799642703274e-5,3,Hspb8
Q9JKL5,NA,NA,NA,21.646846961615278,21.482567708088038,21.54552448192488,15.889782319254774,16.339772268256834,17.074254888458068,21.646846961615278,21.482567708088038,21.54552448192488,1.2455182903398272e-4,3.904649890499747,5.123709891886175,14.702153852474778,1.2455182903398272e-4,2,Tesc
Q9JKV1,NA,NA,NA,18.22999228125521,18.16280434494631,18.229804570876535,16.944506485886798,16.19975035219551,16.993153794923174,18.22999228125521,18.16280434494631,18.229804570876535,0.004391365520019667,2.357400412424012,1.4950635213575225,5.801193768586299,0.004391365520019667,6,Adrm1
Q9JLB0,NA,NA,NA,19.531457614283433,19.521466254257334,19.64352154151962,15.444840574549977,16.527549557510426,17.07275468464496,19.531457614283433,19.521466254257334,19.64352154151962,0.0025786820541226115,2.588602202124318,3.2171001977850047,6.702318448386738,0.0025786820541226115,5,Pals2
Q9JLV1,20.507074537357166,20.129056571730157,20.400620979178864,22.64533035956632,22.382951145577394,22.725630867081115,20.507074537357166,20.129056571730157,20.400620979178864,22.64533035956632,22.382951145577394,22.725630867081115,1.2644738407422497e-4,3.898090150850068,2.2390534279862138,14.645887706461354,1.2644738407422497e-4,4,Bag3
Q9QXA5,18.551385337164632,18.37203181546866,NA,19.786441938131013,19.619901135960436,20.08004718525614,18.551385337164632,18.37203181546866,16.684914891712133,19.786441938131013,19.619901135960436,20.08004718525614,0.0324519937109848,1.4887586168580225,1.9593527383340543,3.2144259889234825,0.0324519937109848,3,Lsm4
Q9QXL8,NA,17.168495844122983,17.376786744279435,17.90806418636785,18.124797820471038,18.40578134424661,17.142493993969307,17.168495844122983,17.376786744279435,17.90806418636785,18.124797820471038,18.40578134424661,0.004806175860454981,2.3182003421821684,0.9169555895712556,5.658962795046433,0.004806175860454981,11,Nme7
Q9QXS6,19.84481608047155,20.23221947696684,20.501351281748303,22.079559002127457,21.603450676782657,22.08764153027474,19.84481608047155,20.23221947696684,20.501351281748303,22.079559002127457,21.603450676782657,22.08764153027474,0.002245959742306884,2.6485980325138607,1.7307547899993878,6.954814953896681,0.002245959742306884,13,Dbn1
Q9QY36,NA,NA,NA,18.479551351895108,18.375047918562178,18.75984268228226,15.746160663583016,16.536261456968425,16.5716603774111,18.479551351895108,18.375047918562178,18.75984268228226,0.0015359955207766536,2.8136100507789985,2.2534531515923355,7.692879955125166,0.0015359955207766536,3,Naa10
Q9QYC0,NA,NA,NA,19.5526053118382,18.84527563994439,19.18906201720033,16.735280861559115,16.277589233946753,17.650655601109854,19.5526053118382,18.84527563994439,19.18906201720033,0.006974464393789753,2.1564891385565965,2.307805757455732,5.1016742231687315,0.006974464393789753,7,Add1
Q9R0L6,17.91339200317795,NA,17.87687661624922,19.764401886990807,18.666882775589517,18.88249976612392,17.91339200317795,16.705003780031742,17.87687661624922,19.764401886990807,18.666882775589517,18.88249976612392,0.036576851001554764,1.436793686817952,1.6061706764151111,3.0899289986748206,0.036576851001554764,25,Pcm1
Q9R0P5,20.251648831693934,20.223643519301717,20.431554733746047,21.141708026725844,21.480794144776574,21.377401193531803,20.251648831693934,20.223643519301717,20.431554733746047,21.141708026725844,21.480794144776574,21.377401193531803,9.96365363290457e-4,3.001581378278531,1.0310187600975063,8.618493301446891,9.96365363290457e-4,6,Dstn
Q9R0P9,23.489591242849414,23.22473302361444,23.398978486477063,24.57652079089063,24.54710257515325,24.661501947890336,23.489591242849414,23.22473302361444,23.398978486477063,24.57652079089063,24.54710257515325,24.661501947890336,1.3487731100594115e-4,3.870061100985367,1.2239408536644305,14.407810981593494,1.3487731100594115e-4,6,Uchl1
Q9R0Y5,19.93171283161527,19.936609186024704,19.864839040856502,20.800492340649782,20.53250432114924,20.78986791719555,19.93171283161527,19.936609186024704,19.864839040856502,20.800492340649782,20.53250432114924,20.78986791719555,9.237875463494726e-4,3.0344278968071166,0.7965678401660341,8.790264779419704,9.237875463494726e-4,2,Ak1
Q9R1C7,NA,NA,NA,18.567257962418303,18.581119651714396,18.651514234952103,17.068510997905395,16.875036822549323,17.209011847614338,18.567257962418303,18.581119651714396,18.651514234952103,1.024241830631769e-4,3.989597491300319,1.5491107270052495,15.450016548083486,1.024241830631769e-4,5,Prpf40a
Q9R224,NA,NA,NA,18.540718342440126,17.36726116321543,18.324083833856847,15.786970130874664,16.536872267708677,16.010912121420443,18.540718342440126,17.36726116321543,18.324083833856847,0.0097227070213278,2.012212800840507,1.9657696065028745,4.641551216185371,0.0097227070213278,2,Bex1
Q9WTQ5,19.070907082925604,19.57795245348734,19.636829920379785,21.621538594806303,21.31848985154199,21.544298502276547,19.070907082925604,19.57795245348734,19.636829920379785,21.621538594806303,21.31848985154199,21.544298502276547,5.082804540478432e-4,3.293896590793814,2.0662124972773697,10.262698716186128,5.082804540478432e-4,10,Akap12
Q9WTU6,17.034992351893514,17.026696334249962,17.027884404348903,18.0919208587898,17.9583827900221,18.173384351920703,17.034992351893514,17.026696334249962,17.027884404348903,18.0919208587898,17.9583827900221,18.173384351920703,7.612349815801701e-5,4.11848126247887,1.0447049700800761,16.655851283660713,7.612349815801701e-5,8,Mapk9
Q9WTX2,17.61252298296993,17.790170287247534,18.169964136519173,19.332783969306362,19.56031417340466,19.890225677001283,17.61252298296993,17.790170287247534,18.169964136519173,19.332783969306362,19.56031417340466,19.890225677001283,0.0016662188679426146,2.778267951970908,1.736888804325222,7.529206683874559,0.0016662188679426146,8,Prkra
Q9WTX5,NA,NA,NA,22.647988855524417,22.079168336650838,22.403848369755725,17.059880526566204,16.74064195737512,17.836970167334645,22.647988855524417,22.079168336650838,22.403848369755725,1.4462977975129436e-4,3.8397422751599133,5.16450430355167,14.15450548151068,1.4462977975129436e-4,3,Skp1
Q9WUD1,17.654454225863635,17.06160324064209,17.4660286512509,18.543741752235054,18.304208699445645,18.51175265376738,17.654454225863635,17.06160324064209,17.4660286512509,18.543741752235054,18.304208699445645,18.51175265376738,0.005105677940794312,2.2919465833717885,1.0592056625638193,5.565309545720474,0.005105677940794312,8,Stub1
Q9WUK2,20.727750980044178,20.344187528316105,21.060917536535015,22.637966504962986,23.045535715757175,22.558124518704513,20.727750980044178,20.344187528316105,21.060917536535015,22.637966504962986,23.045535715757175,22.558124518704513,0.0013580328046267332,2.867089739115682,2.036256898176461,7.946614678179027,0.0013580328046267332,1,Eif4h
Q9WUL7,NA,NA,NA,20.47644956673458,20.589300026152635,20.503099767737705,16.43083569487924,15.949935447325315,17.00026935761207,20.47644956673458,20.589300026152635,20.503099767737705,1.8475870003648587e-4,3.7333951021137732,4.062602953602767,13.299584890098378,1.8475870003648587e-4,3,Arl3
Q9WV80,17.99672724445272,18.579315937580013,18.41104749280253,19.526900356513703,19.311300418358982,19.32463325197446,17.99672724445272,18.579315937580013,18.41104749280253,19.526900356513703,19.311300418358982,19.32463325197446,0.004766014684431089,2.3218446238952346,1.0585811173372939,5.672063721283348,0.004766014684431089,2,Snx1
Q9WVA4,22.36452797660028,22.069989879744423,22.37949153857879,23.396759457250155,23.362656603172645,23.109071826047284,22.36452797660028,22.069989879744423,22.37949153857879,23.396759457250155,23.362656603172645,23.109071826047284,0.0016838748651859942,2.7736901856264327,1.0181594971822001,7.5082354022726,0.0016838748651859942,3,Tagln2
Q9Z108,NA,NA,18.599142835299194,19.667749123837986,19.285433828045235,19.807631640171945,16.186803093922677,17.261550838006585,18.599142835299194,19.667749123837986,19.285433828045235,19.807631640171945,0.0351936250621045,1.4535359970640875,2.23777260827557,3.1297534725096616,0.0351936250621045,6,Stau1
Q9Z130,NA,NA,NA,19.784414391414586,19.974212906732667,19.975612902030196,16.083273523410003,16.815865196174894,16.77780240520603,19.784414391414586,19.974212906732667,19.975612902030196,1.6904201882769445e-4,3.7720053292514595,3.352433025128839,13.60404321969603,1.6904201882769445e-4,3,Hnrnpdl
Q9Z1D1,20.18289380165213,20.49638569917892,20.649042109844526,22.430763901379883,22.624509011287426,22.554662853548418,20.18289380165213,20.49638569917892,20.649042109844526,22.430763901379883,22.624509011287426,22.554662853548418,1.466189513085321e-4,3.8338098911083835,2.0938713851800514,14.105448694440804,1.466189513085321e-4,5,Eif3g
Q9Z2X1,23.780566999724197,23.61414186667175,23.941811324851923,25.031242494525387,24.835763617562048,25.05100775289653,23.780566999724197,23.61414186667175,23.941811324851923,25.031242494525387,24.835763617562048,25.05100775289653,5.181185461026874e-4,3.285570861822315,1.1938312245786982,10.212081170365627,5.181185461026874e-4,6,Hnrnpf
