time,A1,A2,A3,A4,B1,B2,B3,B4,C1,C2,C3,C4,D1,D2,D3,D4,E1,E2,E3,E4,F1,F2,F3,F4,G1,G2,G3,G4,H1,H2,H3,H4
0,2404,2362,2150,2204,2151,2151,2111,2061,2111,2123,2083,2087,2083,2174,2030,2073,2233,2189,2814,2233,2195,2240,2117,2113,2102,2114,2098,2150,2119,2177,2147,2137
27,2413,2384,2132,2184,2175,2062,2134,2110,2183,2117,2187,2214,2051,2120,2086,2079,2227,2194,3116,2157,2201,2186,2091,2159,2153,2147,2026,2150,2126,2195,2101,2154
54,2373,2316,2171,2120,2177,2124,2063,2103,2074,2055,2127,2120,2108,2129,2109,2050,2178,2214,3707,2104,2215,2116,2187,2189,2152,2116,2114,2144,2130,2120,2113,2179
81,2404,2405,2140,2117,2260,2145,2035,2171,2095,2112,2103,2081,2053,2117,2075,2193,2234,2224,3200,2152,2201,2161,2155,2105,2116,2110,2178,2084,2157,2048,2141,2134
108,2374,2373,2196,2049,2217,2122,2103,2106,2158,2080,2057,2201,2050,2047,2103,2102,2197,2175,3220,2190,2224,2248,2185,2062,2191,2102,2052,2120,2187,2134,2171,2143
135,2429,2410,2147,2105,2188,2068,2142,2164,2124,2113,2100,2131,2046,2061,2037,2071,2201,2222,3280,2216,2217,2110,2157,2145,2092,2149,2117,2146,2138,2136,2131,2231
162,2393,2396,2053,2148,2162,2187,2137,2070,2125,2106,2106,2161,2085,2051,2084,2263,2240,2224,3143,2205,2142,2164,2191,2126,2064,2070,2094,2113,2146,2091,2189,2132
189,2364,2481,2105,2118,2187,2099,2056,2062,2100,2123,2069,2178,2102,2067,2022,2080,2158,2236,3301,2264,2191,2174,2151,2170,2114,2085,2113,2181,2142,2194,2206,2230
216,2388,2405,2216,2130,2160,2039,2100,2091,2100,2168,2075,2171,2073,2111,2110,2300,2219,2192,3308,2166,2176,2141,2118,2158,2172,2170,2146,2127,2113,2157,2164,2187
243,2436,2430,2177,2129,2137,2104,2150,2049,2051,2126,2117,2149,2066,2115,2043,2214,2250,2243,2341,2191,2220,2196,2275,2191,2187,2133,2072,2089,2177,2172,2181,2205
270,2380,2388,2200,2137,2036,2123,2130,2103,2157,2102,2146,2167,2082,2072,2043,2134,2215,2204,2311,2214,2198,2188,2195,2189,2140,2155,2094,2136,2212,2219,2210,2215
297,2360,2443,2159,2098,2088,2143,2069,2008,2079,2069,2124,2114,2088,2059,2094,2208,2267,2269,2192,2282,2285,2280,2289,2260,2172,2146,2150,2083,2191,2294,2258,2277
324,2372,2423,2218,2131,2175,2025,2100,2172,2113,2102,2087,2150,2122,2090,2078,2186,2289,2234,2271,2283,2288,2346,2319,2323,2130,2155,2123,2122,2257,2298,2272,2275
351,2409,2494,2271,2163,2150,2141,2084,2141,2106,2161,2110,2128,2110,2042,2143,2224,2240,2314,2288,2308,2406,2321,2427,2324,2138,2128,2157,2062,2275,2331,2327,2358
378,2386,2461,2203,2137,2140,2093,2117,2114,2132,2066,2127,2149,2118,2147,2068,2350,2262,2311,2279,2311,2359,2383,2448,2363,2124,2189,2120,2158,2343,2353,2309,2324
405,2382,2465,2235,2131,2151,2115,2166,2116,2089,2195,2197,2137,2060,2102,2095,2339,2272,2345,2246,2276,2524,2443,2382,2466,2164,2132,2127,2121,2426,2389,2389,2481
432,2399,2496,2279,2104,2149,2152,2086,2124,2127,2079,2130,2176,2054,2161,2086,2208,2281,2258,2340,2326,2504,2440,2456,2494,2174,2157,2135,2133,2419,2460,2422,2458
459,2407,2437,2192,2188,2145,2042,2122,2025,2184,2041,2116,2129,2063,2092,2106,2144,2309,2241,2266,2412,2567,2474,2533,2604,2205,2118,2206,2122,2448,2444,2458,2549
486,2360,2493,2194,2143,2120,2117,2068,2129,2128,2119,2171,2144,2077,2018,2089,2174,2279,2318,2250,2353,2583,2505,2526,2515,2176,2132,2119,2189,2471,2522,2501,2556
513,2416,2436,2118,2140,2131,2077,2149,2083,2111,2120,2176,2099,2122,2130,2099,2184,2307,2339,2312,2325,2579,2586,2683,2636,2205,2179,2154,2176,2530,2553,2575,2643
540,2391,2513,2260,2155,2102,2108,2119,2038,2136,2108,2078,2106,2071,2124,2077,2169,2343,2284,2379,2332,2631,2658,2737,2641,2175,2175,2136,2188,2614,2531,2553,2672
567,2432,2517,2176,2199,2118,2142,2110,2091,2231,2059,2157,2115,2074,2151,2064,2362,2367,2388,2353,2343,2679,2711,2731,2731,2209,2108,2150,2173,2640,2595,2657,2690
594,2323,2456,2243,2208,2177,2122,2106,2092,2178,2151,2143,2088,2132,2091,2114,2275,2382,2345,2423,2431,2696,2757,2748,2798,2144,2040,2217,2182,2719,2637,2737,2719
621,2416,2470,2462,2129,2157,2077,2128,2164,2160,2146,2123,2085,2117,2111,2105,2336,2390,2395,2300,2420,2815,2739,2867,2807,2167,2186,2145,2133,2610,2748,2614,2708
648,2363,2456,2135,2121,2135,2087,2059,2045,2087,2115,2086,2150,2091,2173,2117,2249,2374,2438,2383,2447,2886,2785,2876,2874,2198,2225,2125,2159,2714,2722,2774,2767
675,2314,2554,2358,2170,2131,2101,2097,2115,2173,2150,2176,2147,2057,2135,2185,2248,2380,2423,2435,2417,2928,2912,3084,2974,2139,2210,2164,2188,2681,2789,2751,2881
702,2389,2548,2162,2085,2086,2162,2098,2116,2111,2202,2278,2139,2124,2148,2115,2344,2399,2415,2368,2387,2961,2999,3150,3016,2165,2204,2165,2230,2743,2819,2836,2924
729,2356,2423,2305,2130,2200,2169,2137,2118,2133,2177,2132,2170,2072,2064,2092,2254,2454,2360,2341,2409,3083,3055,3171,3122,2124,2254,2117,2214,2833,2859,2841,2915
756,2378,2467,2334,2165,2119,2139,2143,2097,2142,2140,2219,2195,2136,2086,2113,2313,2474,2395,2366,2443,3194,3059,3307,3167,2139,2226,2228,2231,2893,2922,2856,3011
783,2348,2539,2324,2145,2135,2091,2088,2132,2147,2098,2240,2127,2010,2087,2149,2430,2478,2435,2411,2493,3173,3166,3407,3255,2226,2169,2169,2259,3015,2907,2908,2917
810,2376,2477,2279,2196,2153,2202,2191,2092,2183,2130,2212,2189,2069,2129,2124,2396,2434,2462,2444,2438,3285,3300,3456,3375,2207,2168,2179,2231,2951,2990,2962,3057
837,2352,2426,2274,2154,2158,2124,2129,2154,2145,2125,2151,2127,2064,2062,2108,2317,2570,2391,2405,2454,3444,3379,3555,3534,2172,2178,2144,2217,2922,3071,2981,3030
864,2305,2406,2238,2192,2084,2148,2111,2156,2169,2228,2213,2118,2085,2109,2171,2328,2524,2470,2372,2551,3470,3506,3654,3569,2219,2180,2226,2206,3037,2990,3039,3143
891,2324,2479,2281,2137,2139,2168,2143,2148,2142,2197,2226,2166,2111,2099,2095,2403,2547,2534,2434,2459,3647,3595,3946,3728,2218,2228,2245,2203,3074,2986,3045,3249
918,2327,2566,2323,2197,2205,2059,2074,2139,2196,2149,2184,2194,2173,2151,2189,2342,2518,2447,2395,2489,3780,3711,4103,3835,2211,2240,2163,2189,3128,3130,3098,3253
945,2231,2536,2183,2100,2144,2064,2082,2082,2113,2128,2206,2124,2129,2138,2074,2390,2517,2482,2535,2504,3860,3774,4133,3982,2221,2250,2184,2208,3105,3230,3181,3279
972,2344,2631,2277,2108,2180,2101,2162,2117,2173,2143,2214,2172,2118,2149,2160,2228,2551,2463,2507,2518,4004,3977,4419,4148,2216,2222,2138,2286,3147,3150,3160,3450
999,2430,2496,2259,2161,2132,2089,2073,2126,2119,2168,2204,2194,2108,2147,2146,2356,2467,2483,2443,2488,4131,3967,4588,4347,2228,2288,2214,2242,3218,3275,3192,3343
1026,2341,2536,2227,2099,2155,2057,2080,2015,2206,2144,2231,2178,2131,2121,2094,2362,2520,2460,2486,2490,4398,4186,4741,4432,2221,2234,2229,2211,3289,3258,3253,3409
1053,2344,2506,2312,2159,2162,2097,2057,2107,2192,2207,2140,2204,2091,2144,2160,2336,2611,2510,2450,2457,4390,4404,4877,4605,2187,2281,2199,2151,3287,3363,3230,3540
1080,2354,2555,2275,2170,2121,2164,2055,2087,2121,2181,2180,2210,2061,2168,2121,2354,2606,2561,2411,2567,4539,4468,5148,4877,2239,2184,2237,2258,3338,3383,3233,3514
1107,2324,2471,2279,2192,2150,2137,2046,2042,2177,2215,2244,2223,2067,2122,2175,2339,2561,2490,2562,2525,4724,4667,5309,4949,2232,2197,2228,2153,3341,3402,3382,3554
1134,2295,2487,2261,2124,2106,2072,2147,2071,2216,2191,2226,2204,2084,2155,2094,2277,2634,2558,2486,2555,4883,4838,5548,5185,2274,2227,2221,2310,3368,3458,3314,3611
1161,2342,2506,2299,2191,2142,2181,2117,2040,2220,2187,2170,2157,2129,2065,2062,2333,2611,2482,2433,2583,5073,5125,5717,5440,2221,2239,2256,2243,3430,3469,3398,3633
1188,2347,2470,2296,2173,2195,2086,2035,2078,2203,2188,2212,2183,2142,2174,2135,2288,2712,2573,2431,2628,5278,5317,5942,5600,2180,2230,2201,2266,3547,3464,3429,3769
1215,2398,2447,2336,2175,2152,2115,2148,2006,2204,2191,2222,2184,2107,2148,2135,2366,2684,2585,2489,2546,5469,5295,6286,5895,2244,2230,2189,2322,3556,3596,3400,3662
1242,2380,2422,2284,2099,2131,2067,2094,2080,2165,2177,2260,2185,2163,2122,2115,2323,2648,2590,2461,2588,5662,5601,6563,6045,2295,2313,2306,2238,3518,3573,3434,3777
1269,2284,2440,2374,2180,2162,2130,2082,2093,2243,2224,2208,2197,2134,2092,2127,2399,2684,2574,2575,2586,5911,5753,6777,6249,2236,2217,2227,2199,3638,3592,3509,3827
1296,2332,2392,2317,2088,2124,2125,2086,2055,2209,2153,2258,2194,2095,2138,2079,2339,2710,2668,2499,2572,6038,5959,6953,6589,2249,2247,2286,2144,3655,3648,3532,3808
1323,2361,2376,2377,2104,2189,2092,2058,2125,2184,2258,2200,2271,2122,2144,2130,2320,2672,2612,2565,2664,6376,6376,7320,6791,2278,2266,2168,2251,3661,3616,3644,3888
1350,2370,2348,2345,2140,2168,2132,2153,2039,2239,2170,2269,2180,2104,2128,2121,2365,2672,2647,2503,2642,6558,6618,7591,7084,2254,2259,2223,2192,3698,3765,3667,3953
1377,2338,2352,2400,2158,2166,2074,2097,2096,2250,2212,2184,2252,2125,2093,2191,2328,2719,2661,2606,2595,6766,6682,7997,7232,2229,2265,2202,2188,3753,3756,3750,4013
1404,2352,2361,2399,2146,2175,2091,2038,2073,2179,2229,2282,2278,2168,2145,2120,2350,2673,2659,2515,2708,7013,7007,8277,7637,2252,2234,2283,2185,3772,3732,3661,4068
1431,2269,2366,2444,2112,2188,2084,2077,2059,2187,2166,2214,2197,2130,2110,2132,2290,2694,2710,2626,2639,7387,7201,8493,7784,2239,2266,2226,2220,3746,3837,3677,3996
1458,2346,2279,2347,2105,2116,2137,2100,2045,2178,2159,2261,2216,2106,2097,2046,2285,2768,2722,2513,2679,7482,7426,8795,8292,2284,2281,2273,2301,3843,3904,3767,4083
1485,2281,2423,2353,2135,2135,2184,2119,2053,2253,2214,2180,2194,2057,2133,2052,2285,2751,2721,2632,2678,7802,7722,9170,8412,2325,2246,2216,2298,3858,3937,3797,4118
1512,2465,2434,2281,2133,2124,2113,2040,2017,2185,2145,2228,2236,2097,2139,2060,2358,2771,2733,2593,2701,8085,7950,9620,8669,2328,2321,2267,2256,3880,4017,3812,4173
1539,2362,2366,2219,2122,2109,2152,2094,2041,2234,2233,2268,2182,2124,2123,2149,2357,2765,2697,2577,2794,8355,8249,9892,9075,2337,2252,2296,2259,3946,3849,3884,4160
1566,2386,2411,2224,2141,2132,2102,2105,2042,2196,2214,2222,2246,2143,2132,2111,2329,2728,2745,2611,2828,8695,8483,10144,9410,2204,2214,2266,2261,4077,3982,3929,4253
1593,2350,2421,2303,2115,2194,2103,2126,2073,2221,2214,2184,2175,2067,2134,2134,2359,2805,2711,2662,2777,8939,8807,10653,9597,2300,2287,2304,2329,4102,3958,3817,4225
1620,2366,2417,2260,2144,2166,2111,2075,1996,2232,2253,2215,2155,2176,2124,2178,2333,2860,2816,2599,2710,9196,9120,10870,10007,2301,2256,2227,2206,4141,4102,4026,4355
1647,2333,2484,2188,2120,2190,2087,2134,2104,2235,2280,2205,2219,2102,2095,2180,2373,2841,2834,2658,2786,9499,9240,11237,10302,2316,2308,2301,2300,4063,4081,3989,4376
1674,2368,2423,2210,2152,2165,2131,2142,2073,2260,2210,2347,2270,2044,2151,2107,2340,2782,2763,2649,2666,9801,9642,11501,10645,2273,2285,2234,2280,4134,4148,3982,4455
1701,2291,2460,2157,2153,2066,2116,2078,2047,2253,2235,2252,2296,2156,2097,2150,2267,2889,2816,2646,2798,10227,9979,11842,10975,2264,2303,2297,2298,4222,4137,4056,4415
1728,2347,2476,2138,2137,2172,2061,2097,2053,2274,2261,2244,2207,2096,2187,2170,2328,2927,2771,2701,2779,10377,10359,12342,11277,2260,2245,2275,2284,4277,4232,4059,4475
1755,2312,2504,2217,2172,2127,2074,2059,2038,2242,2276,2262,2213,2128,2115,2113,2427,2881,2870,2691,2699,10798,10533,12689,11590,2239,2260,2350,2273,4295,4278,4166,4579
1782,2297,2470,2253,2089,2116,2108,2073,2065,2200,2213,2336,2219,2127,2103,2090,2336,2852,2816,2601,2863,11031,10923,13197,12074,2295,2324,2287,2319,4242,4201,4105,4597
1809,2331,2467,2280,2128,2138,2095,2068,2089,2271,2208,2270,2231,2146,2119,2172,2409,2928,2813,2732,2841,11384,11229,13518,12249,2310,2272,2298,2280,4335,4374,4106,4622
1836,2308,2448,2262,2129,2122,2129,2069,2074,2294,2254,2279,2234,2101,2135,2118,2360,2910,2896,2761,2900,11808,11588,13887,12599,2299,2237,2311,2276,4316,4321,4188,4698
1863,2363,2410,2419,2165,2175,2074,2104,2160,2226,2253,2257,2257,2112,2129,2161,2358,2946,2883,2663,2944,11940,12071,14276,13019,2277,2234,2260,2271,4422,4400,4251,4742
1890,2238,2461,2467,2129,2099,2153,2114,2114,2251,2235,2230,2231,2163,2141,2069,2356,2928,2874,2619,2836,12419,12291,14635,13395,2344,2305,2323,2301,4441,4540,4325,4734
1917,2270,2410,2452,2160,2132,2110,2022,2079,2268,2276,2203,2224,2139,2223,2159,2375,3052,2886,2670,2951,12682,12544,15129,13694,2287,2336,2296,2310,4565,4393,4369,4824
1944,2308,2472,2547,2137,2126,2090,2093,2069,2226,2261,2320,2251,2126,2141,2084,2318,2976,2859,2732,2901,13096,12956,15750,14214,2352,2364,2244,2255,4501,4537,4284,4957
1971,2332,2483,2475,2167,2131,2063,2140,2138,2211,2279,2349,2290,2128,2115,2203,2302,2970,2904,2674,2876,13298,13187,15964,14509,2313,2299,2304,2313,4633,4641,4399,4904
1998,2273,2469,2546,2150,2145,2092,2141,2047,2329,2250,2270,2249,2231,2106,2085,2406,3005,2934,2783,2903,13644,13487,16120,14792,2340,2380,2284,2315,4580,4588,4426,4950
2025,2276,2446,2540,2140,2097,2089,2075,2057,2265,2243,2301,2248,2108,2117,2157,2399,2989,2846,2786,2895,13918,13831,16777,15223,2360,2320,2331,2291,4654,4594,4516,5069
2052,2329,2485,2511,2143,2226,2029,2033,2075,2283,2255,2296,2255,2129,2198,2104,2337,3018,2925,2768,2943,14420,14143,17065,15732,2389,2286,2255,2301,4766,4657,4536,4914
2079,2320,2463,2481,2198,2154,2105,2009,2041,2258,2232,2325,2257,2135,2144,2134,2313,2948,2989,2677,2964,14653,14409,17336,15847,2377,2339,2246,2287,4720,4727,4439,4973
2106,2345,2428,2475,2151,2144,2061,2114,2125,2256,2229,2198,2245,2080,2132,2127,2310,3034,2873,2805,2952,15102,14487,17972,16201,2298,2288,2273,2385,4844,4661,4547,5127
2133,2307,2523,2506,2124,2148,2062,2102,2055,2236,2254,2355,2249,2188,2108,2146,2342,3141,2986,2683,2961,15368,14854,18198,16526,2329,2348,2307,2356,4920,4701,4504,5081
2160,2349,2483,2498,2114,2142,2052,2080,2045,2259,2297,2290,2260,2091,2127,2216,2323,3093,3002,2703,3021,15538,15447,18754,16918,2381,2318,2337,2316,4892,4779,4493,5237
2187,2277,2478,2531,2120,2164,2122,2090,2124,2237,2264,2276,2224,2158,2188,2120,2285,3070,2965,2804,2983,16083,15771,19097,17091,2366,2295,2305,2289,4870,4896,4684,5274
2214,2287,2448,2486,2158,2198,2108,2067,2051,2296,2278,2326,2254,2101,2133,2095,2291,3059,3000,2822,2992,16722,16322,19403,17604,2312,2311,2387,2307,5014,4832,4654,5314
2241,2331,2467,2539,2102,2147,2037,2131,2091,2216,2262,2289,2272,2143,2143,2111,2372,3091,2967,2793,3062,16577,16309,19990,17747,2314,2319,2322,2282,4946,4957,4570,5308
2268,2361,2492,2497,2124,2133,2113,2083,2073,2320,2239,2262,2213,2131,2137,2189,2331,3258,3045,2828,3042,17089,16633,20405,18011,2314,2345,2273,2289,4995,4909,4658,5231
2295,2346,2504,2503,2127,2100,2149,2082,2097,2252,2269,2309,2292,2247,2137,2211,2329,3082,3072,2775,3028,17398,17218,20699,18645,2325,2290,2277,2320,5102,4879,4842,5279
2322,2277,2485,2512,2127,2123,2130,2075,2046,2329,2297,2303,2318,2137,2146,2102,2294,3205,3103,2848,3089,17778,17585,21056,18994,2320,2301,2325,2327,5130,4964,4727,5454
2349,2358,2522,2488,2123,2165,2049,2081,2071,2280,2277,2261,2241,2134,2143,2164,2371,3178,3070,2756,3033,18084,17539,21433,19349,2345,2339,2368,2360,5081,5058,4826,5368
2376,2278,2442,2536,2142,2105,2076,2107,2016,2234,2357,2328,2285,2161,2174,2134,2383,3148,3067,2900,3077,18664,18141,21684,19956,2259,2296,2300,2331,5215,5018,4746,5428
2403,2267,2487,2508,2170,2183,2133,2118,2035,2232,2297,2337,2263,2145,2131,2152,2372,3215,3160,2860,3147,18897,18662,22234,20123,2344,2354,2290,2314,5180,5118,4845,5551
2430,2292,2497,2498,2095,2144,2085,2048,2094,2222,2265,2332,2279,2166,2163,2215,2371,3333,3186,2814,3060,19208,18970,22791,20561,2422,2378,2291,2319,5225,5212,4939,5629
2457,2336,2479,2479,2103,2145,2102,2084,2075,2357,2338,2315,2299,2129,2178,2132,2363,3299,3237,2806,3095,19582,19418,23399,21294,2293,2385,2273,2358,5390,5234,4900,5646
2484,2289,2548,2478,2043,2208,2071,2085,2063,2293,2302,2269,2248,2168,2148,2146,2346,3246,3199,2879,3074,19895,19616,23843,21468,2372,2329,2354,2297,5485,5256,4964,5684
2511,2305,2430,2549,2135,2122,2084,2072,2105,2231,2304,2308,2312,2147,2168,2210,2298,3278,3179,2829,3181,20441,19959,24056,21901,2337,2442,2375,2409,5499,5234,5070,5751
2538,2368,2457,2482,2131,2109,2090,2064,2073,2283,2347,2360,2285,2102,2123,2147,2372,3339,3240,2944,3176,20657,20140,24323,22226,2376,2326,2356,2353,5548,5226,5053,5818
2565,2348,2489,2538,2180,2151,2137,2092,2073,2242,2318,2319,2283,2150,2174,2216,2384,3306,3270,2897,3142,21062,20675,24727,22667,2401,2406,2271,2324,5589,5191,5051,5770
2592,2366,2419,2455,2093,2116,2046,2052,2080,2311,2305,2319,2344,2072,2138,2111,2278,3349,3238,2905,3188,21514,21173,25036,22763,2347,2339,2324,2354,5479,5290,5134,5786
2619,2329,2440,2459,2085,2090,2024,2073,2071,2277,2294,2286,2310,2145,2174,2147,2329,3318,3256,2901,3165,21922,21215,25646,23337,2372,2358,2348,2397,5526,5284,5172,5798
2646,2252,2436,2413,2118,2166,2133,2038,2083,2381,2289,2325,2242,2199,2131,2149,2337,3327,3269,2927,3155,21975,21708,26052,23420,2315,2331,2341,2380,5654,5360,5105,5796
2673,2290,2437,2471,2101,2164,2095,2124,2063,2319,2312,2322,2296,2128,2169,2077,2314,3391,3353,2942,3245,22506,22000,26529,23885,2372,2372,2396,2403,5631,5391,5205,5930
2700,2288,2488,2471,2185,2075,2079,2080,2057,2313,2356,2337,2347,2154,2167,2166,2327,3326,3332,2876,3251,23044,22353,26680,24239,2389,2387,2288,2328,5661,5324,5291,6025
2727,2322,2516,2480,2084,2173,2107,2117,2114,2320,2315,2374,2316,2157,2143,2126,2372,3421,3290,2966,3253,23080,22666,27278,24744,2406,2362,2358,2472,5710,5396,5349,6085
2754,2362,2447,2455,2136,2110,2140,2115,2091,2272,2350,2369,2409,2127,2145,2100,2337,3502,3300,2988,3200,23468,22807,27161,25301,2405,2308,2387,2344,5682,5472,5326,5989
2781,2239,2436,2496,2110,2175,2025,2060,2037,2315,2376,2366,2297,2126,2128,2154,2370,3509,3310,2981,3275,23675,23323,27854,25269,2380,2398,2300,2331,5837,5526,5342,6107
2808,2292,2483,2477,2118,2096,2138,2057,2140,2331,2326,2358,2219,2067,2152,2049,2350,3497,3312,2993,3337,24184,23581,27773,25690,2375,2305,2334,2369,5752,5540,5279,6146
2835,2322,2483,2387,2109,2123,2112,2091,2018,2272,2317,2377,2292,2116,2144,2217,2338,3550,3345,2864,3300,24500,23857,28552,25955,2338,2336,2356,2375,5873,5510,5336,6089
2862,2331,2450,2455,2123,2151,2127,2021,2072,2373,2290,2333,2316,2160,2172,2106,2347,3482,3381,2876,3256,24798,24374,28671,26192,2306,2306,2319,2402,5801,5547,5313,6130
2889,2353,2428,2452,2180,2131,2076,2074,2067,2300,2325,2387,2314,2085,2150,2160,2364,3498,3387,2986,3311,24870,24329,28843,26187,2405,2330,2424,2360,5938,5615,5422,6126
2916,2315,2455,2512,2084,2147,2053,2049,2049,2293,2308,2348,2340,2202,2076,2115,2353,3530,3404,2987,3293,25259,25005,28885,26756,2409,2406,2456,2347,5944,5733,5448,6175
2943,2322,2500,2557,2121,2107,2032,2097,2073,2325,2295,2403,2314,2152,2194,2098,2374,3629,3449,2997,3370,25316,25081,29697,27109,2325,2410,2333,2317,6063,5766,5556,6265
2970,2243,2445,2419,2106,2134,2065,2068,2119,2335,2338,2323,2326,2144,2118,2163,2398,3640,3376,2965,3324,25944,25270,30055,27085,2409,2402,2348,2312,6207,5711,5551,6468
2997,2266,2519,2450,2118,2130,2126,2086,2005,2348,2368,2310,2350,2162,2159,2149,2379,3564,3430,2945,3404,26315,25749,30712,27679,2332,2396,2404,2342,6043,5769,5629,6356
3024,2284,2416,2486,2182,2154,2067,2065,2104,2311,2369,2353,2370,2145,2165,2083,2372,3621,3456,3005,3417,26362,25936,30481,28068,2360,2438,2267,2454,6067,5821,5610,6404
3051,2394,2416,2493,2156,2139,2076,2024,2064,2368,2301,2313,2384,2125,2116,2157,2340,3617,3391,3058,3405,26636,26274,30963,28489,2385,2356,2380,2396,6190,5845,5550,6490
3078,2318,2522,2492,2147,2162,2059,2056,2035,2324,2366,2376,2380,2156,2152,2120,2392,3609,3540,3101,3369,27368,26475,31616,28499,2472,2400,2372,2371,6189,5849,5596,6505
3105,2288,2453,2539,2055,2087,2034,2032,2045,2252,2342,2359,2314,2145,2155,2124,2424,3610,3492,3078,3449,27459,27069,31596,28653,2373,2373,2388,2335,6268,5886,5672,6439
3132,2279,2455,2496,2082,2202,2058,2091,2075,2339,2393,2315,2334,2106,2221,2072,2409,3698,3534,3049,3430,27870,27092,31976,29128,2338,2402,2422,2316,6358,5918,5864,6496
3159,2297,2476,2494,2138,2101,2137,2120,2027,2369,2372,2421,2332,2105,2220,2180,2336,3787,3546,3074,3505,27989,27257,32008,29439,2391,2314,2396,2392,6302,5833,5846,6598
3186,2347,2466,2507,2083,2153,2061,2081,2017,2289,2370,2397,2350,2175,2189,2123,2368,3677,3551,3066,3473,28446,27748,32613,29533,2377,2464,2393,2332,6340,5855,5897,6650
3213,2377,2476,2451,2114,2112,2078,2047,2092,2334,2290,2445,2296,2132,2116,2123,2357,3835,3585,3140,3457,28789,28114,32908,30196,2405,2404,2399,2367,6607,6102,5886,6638
3240,2271,2420,2469,2074,2075,2092,1998,2046,2358,2399,2359,2356,2094,2143,2113,2379,3714,3496,3131,3525,28902,28388,33318,30288,2391,2377,2339,2385,6518,5987,5925,6700
3267,2331,2461,2496,2142,2102,2125,2055,2082,2355,2333,2389,2316,2156,2144,2132,2294,3742,3563,3155,3520,29265,29060,33570,30463,2424,2423,2387,2369,6495,6081,5978,6683
3294,2234,2483,2402,2123,2126,2007,2059,2080,2340,2325,2374,2438,2192,2174,2133,2339,3810,3541,3073,3551,29603,29395,33867,31254,2373,2383,2380,2385,6571,6044,6075,6990
3321,2391,2528,2499,2049,2201,2027,2006,2054,2326,2369,2367,2332,2065,2078,2153,2439,3723,3677,3219,3586,30324,29627,34210,31100,2448,2389,2358,2365,6559,6074,6106,6761
3348,2336,2437,2506,2111,2092,2095,2058,2080,2317,2349,2417,2322,2132,2112,2120,2352,3816,3681,3216,3674,30328,29665,34616,31589,2470,2478,2349,2368,6741,6121,5966,6787
3375,2357,2432,2492,2074,2164,2027,2044,2079,2402,2360,2443,2361,2149,2104,2142,2326,3833,3575,3086,3529,30527,30152,34583,31981,2422,2391,2375,2401,6728,6171,5972,7007
3402,2333,2448,2375,2042,2120,2091,2021,2051,2334,2457,2383,2317,2116,2111,2130,2365,3808,3736,3188,3605,30798,30271,35276,32319,2463,2384,2413,2412,6772,6206,6099,6958
3429,2410,2482,2439,2081,2141,2069,1969,2079,2360,2348,2404,2427,2124,2183,2187,2422,3844,3563,3189,3615,31239,30654,35073,32534,2491,2489,2364,2441,6827,6085,6242,7130
3456,2294,2426,2427,2078,2126,2054,2180,2000,2369,2386,2393,2357,2114,2117,2149,2400,3928,3695,3201,3639,31588,30975,35629,32833,2448,2434,2470,2371,6763,6214,6226,7001
3483,2302,2352,2438,2124,2104,2087,2015,2110,2407,2389,2365,2374,2182,2196,2144,2364,3941,3693,3222,3655,31617,31100,35941,32816,2420,2522,2381,2389,6821,6254,6134,7133
3510,2292,2341,2438,2086,2023,2113,2063,2106,2352,2363,2430,2347,2174,2198,2112,2364,3913,3738,3285,3710,31839,31448,36137,33058,2409,2444,2293,2430,6888,6260,6182,7066
3537,2354,2470,2495,2140,2165,2077,2070,2025,2461,2411,2462,2368,2168,2206,2187,2390,3913,3741,3225,3664,32274,31591,36285,33492,2440,2366,2382,2443,7034,6176,6255,7240
3564,2364,2448,2472,2103,2102,2035,2083,2060,2364,2411,2406,2372,2153,2141,2081,2359,3946,3803,3280,3720,32497,31528,36450,33486,2474,2411,2386,2409,7103,6357,6353,7250
3591,2304,2405,2415,2140,2124,2044,2117,2055,2344,2391,2351,2386,2157,2076,2143,2354,3931,3882,3319,3656,32554,31883,36858,33749,2424,2420,2435,2407,7129,6304,6418,7254
3618,2269,2369,2374,2141,2109,2046,2055,2088,2439,2454,2430,2418,2152,2179,2185,2283,3971,3781,3293,3737,32613,32173,37008,33573,2470,2381,2363,2416,6986,6262,6403,7395
3645,2286,2406,2467,2185,2023,2031,2091,2086,2328,2455,2405,2365,2160,2192,2158,2296,4016,3889,3312,3743,32848,32122,37133,34162,2418,2450,2444,2418,7184,6289,6601,7337
3672,2351,2432,2410,2108,2192,2077,2069,1988,2396,2473,2409,2360,2123,2170,2118,2316,4003,3917,3256,3804,33105,32615,37544,34214,2430,2393,2388,2404,7339,6460,6419,7297
3699,2279,2465,2450,2105,2145,2091,2016,2120,2368,2388,2479,2411,2157,2185,2091,2391,3964,3920,3334,3819,33372,32964,37751,34153,2397,2452,2387,2391,7324,6348,6410,7391
3726,2299,2381,2400,2092,2193,2145,2037,2037,2443,2467,2334,2396,2093,2181,2112,2386,4128,3866,3268,3830,33378,32972,38001,34789,2444,2440,2368,2458,7257,6383,6537,7384
3753,2280,2369,2527,2085,2083,2011,2066,2148,2425,2363,2459,2343,2055,2068,2102,2418,4174,3940,3279,3847,33868,33289,38167,34938,2400,2433,2383,2461,7374,6403,6530,7453
3780,2330,2374,2395,2108,2132,2101,2109,2097,2459,2371,2399,2416,2125,2230,2079,2389,4046,4023,3348,3851,34036,33427,38283,34888,2448,2440,2450,2346,7403,6350,6494,7428
3807,2283,2345,2452,2099,2123,2095,2059,2091,2454,2462,2410,2323,2155,2148,2183,2453,4100,3885,3286,3884,34195,33763,38313,35265,2436,2425,2404,2500,7377,6476,6792,7505
3834,2226,2325,2472,2067,2094,2066,2079,2034,2468,2386,2406,2368,2190,2185,2167,2360,4131,4034,3387,3956,34264,33868,38481,35308,2390,2395,2439,2366,7453,6488,6617,7561
3861,2270,2349,2390,2149,2176,2093,2068,2027,2419,2441,2404,2419,2053,2173,2085,2394,4106,4016,3327,4005,34698,34173,38961,35661,2428,2495,2480,2477,7566,6503,6744,7653
3888,2368,2362,2491,2119,2104,2052,2024,2025,2427,2412,2385,2374,2154,2186,2185,2339,4171,3971,3321,3871,34591,34384,38704,35834,2426,2419,2414,2419,7621,6510,6800,7688
3915,2326,2374,2409,2110,2099,2009,2043,2058,2429,2416,2451,2440,2155,2119,2108,2302,4225,4006,3428,3873,34833,34826,39395,35603,2380,2434,2385,2400,7514,6512,6678,7577
3942,2333,2400,2463,2087,2184,2088,2101,2042,2477,2437,2478,2442,2133,2197,2259,2390,4194,4051,3389,3921,35392,34621,39081,36198,2494,2488,2396,2525,7656,6617,6838,7570
3969,2315,2462,2467,2041,2108,2123,2093,2096,2431,2470,2476,2438,2119,2224,2212,2395,4292,4078,3425,3919,35257,34871,39258,36211,2443,2483,2411,2472,7821,6536,6855,7702
3996,2341,2378,2397,2086,2083,2035,2067,2088,2418,2438,2489,2415,2179,2155,2108,2436,4273,4055,3440,3958,35430,34939,39262,36286,2449,2473,2344,2467,7733,6586,6911,7732
4023,2284,2410,2487,2079,2062,2069,2162,2025,2411,2432,2414,2472,2144,2187,2155,2383,4296,4168,3461,3953,35902,34685,40109,36208,2458,2548,2484,2480,7855,6693,6805,7721
4050,2309,2503,2430,2076,2091,2073,2065,2073,2487,2561,2537,2476,2131,2188,2173,2423,4353,4036,3423,4031,35895,35081,39744,36665,2453,2374,2394,2518,7945,6688,6930,7766
4077,2368,2455,2446,2111,2074,2063,1983,2110,2423,2442,2475,2365,2208,2138,2219,2399,4356,4107,3442,3983,36263,35605,39994,36621,2495,2430,2394,2502,8111,6651,7080,7809
4104,2277,2436,2418,2105,2121,2099,2023,2053,2447,2538,2419,2345,2129,2206,2204,2367,4275,4036,3451,4072,35984,35787,39984,36399,2440,2442,2476,2381,8076,6623,6938,7857
4131,2289,2359,2441,2114,2107,1988,2054,2096,2420,2447,2437,2460,2115,2138,2104,2383,4349,4219,3444,3964,36125,35721,40143,36634,2467,2389,2438,2439,8000,6700,7001,7897
4158,2273,2489,2509,2147,2190,2058,2135,2030,2465,2448,2424,2457,2123,2143,2181,2357,4375,4209,3459,4060,36418,36435,39896,36927,2484,2524,2440,2427,8135,6773,7121,7927
4185,2304,2355,2459,2122,2033,2072,2038,2036,2435,2420,2492,2412,2174,2189,2166,2377,4368,4240,3551,4131,36586,36107,39839,36951,2505,2477,2453,2456,8128,6840,7089,7954
4212,2317,2404,2462,2136,2132,2061,2063,2064,2470,2458,2575,2485,2207,2140,2095,2352,4397,4197,3545,4140,36492,36430,40159,36689,2447,2470,2457,2447,8096,6830,7032,7909
4239,2325,2438,2483,2092,2110,2046,2059,1990,2428,2422,2458,2445,2141,2202,2084,2369,4420,4218,3470,4229,36721,36519,40468,36915,2453,2438,2493,2396,8137,6813,6989,7930
4266,2302,2427,2438,2121,2138,2119,2071,2047,2385,2486,2462,2453,2144,2176,2148,2390,4526,4284,3510,4045,36991,36847,40021,37319,2414,2478,2472,2446,8314,6842,7191,7989
4293,2334,2403,2505,2113,2119,2072,2053,2077,2436,2475,2438,2464,2186,2149,2163,2368,4529,4195,3579,4201,36414,36677,40481,37342,2515,2473,2480,2504,8346,6856,7207,8156
4320,2368,2483,2475,2095,2136,2073,2076,2092,2412,2481,2515,2473,2165,2192,2177,2357,4375,4286,3627,4078,37091,36843,40917,37783,2462,2446,2437,2510,8274,6865,7190,8023
4347,2302,2453,2499,2142,2041,2102,2034,2063,2439,2499,2497,2432,2156,2151,2164,2423,4478,4258,3445,4183,37329,37166,40761,37459,2551,2553,2486,2498,8542,6877,7297,8034
4374,2381,2477,2563,2112,2106,2040,2041,2057,2580,2485,2543,2431,2195,2150,2192,2363,4420,4257,3542,4223,37075,36973,40663,37824,2397,2463,2434,2524,8249,6836,7196,8071
4401,2352,2404,2499,2025,2121,2095,2083,2111,2493,2504,2518,2409,2140,2107,2164,2302,4568,4316,3535,4187,37721,37285,40657,37707,2419,2534,2468,2415,8501,6795,7257,8167
4428,2262,2392,2484,2079,2134,2073,2075,2063,2449,2486,2482,2485,2130,2208,2097,2336,4606,4294,3572,4246,37500,37308,41273,37907,2525,2498,2459,2495,8627,6911,7357,8142
4455,2284,2465,2523,2046,2171,2108,2040,2089,2466,2499,2492,2455,2220,2132,2145,2346,4565,4391,3597,4279,37607,37680,41337,38191,2508,2476,2500,2491,8542,6882,7330,8164
4482,2316,2393,2461,2051,2223,2108,2049,2082,2458,2474,2465,2473,2144,2194,2175,2451,4607,4294,3648,4248,37779,37351,41496,38042,2628,2486,2431,2491,8720,6941,7315,8265
4509,2311,2395,2440,2107,2113,2055,2073,2093,2476,2562,2485,2474,2080,2196,2170,2350,4636,4391,3703,4302,38173,37832,41266,38299,2586,2499,2422,2512,8557,6944,7474,8281
4536,2339,2414,2517,2061,2043,2030,2110,2055,2491,2469,2559,2485,2163,2219,2220,2411,4766,4445,3752,4281,38033,38034,41705,38605,2488,2518,2431,2504,8626,6994,7394,8420
4563,2288,2413,2429,2030,2147,2087,2061,2059,2440,2516,2554,2507,2155,2142,2093,2381,4742,4421,3667,4344,38298,38266,42050,38754,2447,2430,2402,2520,8818,7082,7523,8359
4590,2334,2451,2470,2087,2095,2071,2104,2044,2482,2545,2538,2444,2123,2210,2159,2326,4768,4483,3671,4303,38183,38441,41817,38774,2564,2474,2448,2440,8741,7020,7543,8469
4617,2325,2446,2453,2074,2036,2064,2036,2034,2508,2622,2501,2443,2128,2244,2145,2414,4810,4475,3640,4352,38644,38693,41921,38906,2506,2587,2467,2481,8878,7091,7670,8559
4644,2252,2355,2458,2021,2081,2058,2060,2052,2512,2478,2487,2526,2142,2190,2125,2381,4825,4479,3711,4366,38583,38886,42549,38842,2498,2397,2540,2523,8919,7049,7787,8542
4671,2307,2441,2437,2073,2090,2006,2019,2042,2406,2437,2476,2499,2169,2119,2164,2351,4749,4460,3790,4279,38953,38825,42670,39314,2545,2566,2504,2513,8952,7100,7764,8509
4698,2274,2382,2482,2051,2062,2073,2050,2074,2499,2481,2471,2459,2129,2236,2204,2410,4787,4505,3846,4478,39005,39130,42758,39837,2508,2516,2499,2528,9165,7076,7678,8568
4725,2309,2453,2503,2025,2085,2066,2065,2050,2472,2461,2436,2536,2159,2226,2168,2403,4809,4529,3738,4397,39154,39505,43266,39683,2547,2436,2417,2530,8956,7134,7765,8635
4752,2311,2404,2444,2107,2105,2079,2056,2027,2498,2567,2575,2506,2190,2139,2147,2352,4903,4510,3740,4460,39095,39165,42960,40026,2526,2448,2504,2561,9085,6989,7997,8644
4779,2205,2449,2440,2100,2105,2002,2093,1995,2429,2576,2585,2528,2187,2154,2199,2393,4907,4562,3743,4431,39096,39387,43096,39801,2524,2497,2518,2510,9202,7064,7979,8707
4806,2202,2430,2442,2102,2076,2076,1983,1986,2473,2524,2519,2549,2214,2078,2119,2506,4837,4706,3879,4403,39446,39773,42899,39760,2541,2521,2522,2547,9183,7256,7980,8712
4833,2341,2371,2508,2118,2125,2078,2085,2015,2495,2517,2552,2524,2141,2090,2167,2465,4977,4625,3850,4435,39196,40072,43098,40091,2576,2524,2505,2498,9339,7145,8042,8747
4860,2290,2442,2409,2079,2091,2028,2072,2085,2567,2505,2472,2480,2217,2181,2120,2381,4900,4705,3888,4580,39291,39761,43380,39968,2577,2530,2527,2505,9194,7275,8094,8709
4887,2241,2331,2386,2017,2131,2064,2035,2053,2466,2593,2503,2536,2180,2164,2160,2394,4839,4586,3941,4548,39436,39831,43366,39928,2583,2520,2518,2547,9259,7179,8004,8841
4914,2352,2442,2487,2114,2049,2002,2030,2008,2553,2540,2497,2595,2226,2183,2193,2366,4999,4680,3908,4619,39339,39777,43294,40097,2526,2518,2490,2639,9276,7137,8069,8835
4941,2283,2363,2426,2098,2122,1988,2048,2029,2547,2519,2560,2538,2215,2220,2183,2392,5008,4679,3845,4657,39664,39321,43263,40300,2570,2605,2475,2556,9339,7101,8141,8748
4968,2357,2352,2460,2153,2152,2052,1998,2042,2574,2528,2589,2561,2112,2223,2167,2296,5002,4832,3875,4636,39896,39851,43473,40336,2501,2489,2518,2505,9374,7239,8135,8807
4995,2300,2385,2479,2098,2072,2066,2078,2026,2553,2478,2554,2491,2180,2138,2194,2447,5090,4792,3912,4659,39738,39904,43120,40246,2493,2503,2469,2534,9310,7160,8105,8949
5022,2242,2330,2372,2121,2072,2016,1964,2071,2497,2552,2537,2496,2161,2232,2166,2384,5073,4791,3901,4649,39885,40428,43396,40320,2515,2540,2529,2574,9478,7224,8204,8839
5049,2310,2389,2422,2157,2047,2012,2056,2014,2520,2580,2549,2495,2165,2164,2144,2429,4935,4816,4006,4664,39400,40205,43470,39896,2487,2517,2475,2640,9478,7157,8250,8878
5076,2230,2398,2397,2075,2138,2060,2092,2041,2482,2567,2526,2510,2168,2210,2183,2395,5131,4772,4009,4734,40033,40342,43206,39902,2530,2525,2571,2543,9509,7282,8155,8785
5103,2262,2357,2472,2081,2078,2041,1983,2035,2527,2581,2588,2558,2155,2232,2211,2356,5176,4840,3943,4693,39952,40022,43380,39926,2548,2513,2524,2537,9380,7207,8218,9064
5130,2276,2405,2451,2124,2115,2111,2073,2089,2459,2509,2536,2582,2204,2205,2143,2424,5179,4922,3943,4645,40175,40223,43380,40029,2566,2556,2527,2547,9564,7296,8341,9007
5157,2290,2435,2395,2046,2114,2054,2027,2087,2582,2575,2520,2510,2131,2248,2196,2302,4994,4874,3992,4630,40050,40262,43193,40259,2575,2467,2564,2580,9448,7192,8349,9161
5184,2276,2385,2406,2086,2093,2033,2113,2068,2555,2510,2558,2538,2187,2115,2160,2345,5064,4933,4032,4665,40125,40131,43207,39890,2546,2571,2537,2528,9665,7241,8300,9002
5211,2409,2411,2412,2048,2117,2056,2075,1987,2485,2559,2585,2570,2221,2140,2191,2411,5221,4882,3982,4676,40153,40396,43153,40268,2570,2483,2552,2547,9566,7307,8353,9045
5238,2224,2333,2457,2135,2143,2044,2029,2091,2551,2558,2592,2526,2220,2227,2160,2373,5159,4920,4095,4682,40481,40613,43444,40295,2516,2584,2584,2554,9660,7390,8418,9184
5265,2298,2384,2469,2023,2067,2081,2048,2043,2571,2592,2571,2512,2156,2220,2156,2442,5218,4918,3983,4733,40342,40934,44220,40933,2555,2588,2562,2507,9696,7341,8371,9175
5292,2266,2341,2432,2036,2087,2014,2082,1994,2534,2533,2660,2559,2275,2178,2150,2398,5158,5011,4049,4793,40416,40576,44087,41154,2549,2611,2596,2560,9713,7486,8397,9141
5319,2241,2385,2453,2097,2036,2108,2063,2077,2537,2515,2521,2542,2219,2178,2175,2408,5278,4869,4081,4816,40277,40822,43891,40463,2600,2574,2468,2531,9725,7362,8539,9287
5346,2280,2408,2386,2060,2052,2020,2101,2064,2503,2617,2593,2528,2202,2211,2169,2378,5277,5030,4109,4863,40828,40828,44534,41205,2571,2546,2583,2573,9693,7413,8470,9083
5373,2156,2383,2416,2016,2077,2043,2083,2040,2509,2553,2573,2609,2204,2215,2180,2411,5250,5105,4103,4786,40654,40876,44403,41095,2567,2530,2582,2557,9767,7428,8623,9191
5400,2261,2370,2465,2068,2117,2040,2046,2028,2582,2622,2583,2540,2182,2180,2225,2420,5377,5020,4093,4873,40213,40375,44208,40724,2567,2576,2538,2632,9640,7241,8415,9053
5427,2238,2343,2442,2052,2099,2036,2066,2040,2631,2591,2695,2470,2107,2166,2204,2414,5420,5076,4201,4895,39941,40677,43846,40564,2538,2562,2549,2535,9718,7271,8526,9112
5454,2297,2373,2462,2051,2077,2101,2075,2016,2644,2626,2675,2608,2176,2110,2169,2415,5371,5096,4108,4897,39961,40569,43991,40786,2588,2497,2600,2579,9659,7250,8635,9202
5481,2330,2379,2471,2017,2121,2017,2048,2028,2568,2560,2634,2600,2169,2220,2172,2304,5470,5132,4167,4789,40075,40479,43936,40923,2656,2565,2596,2593,9611,7429,8601,9180
5508,2281,2403,2446,2110,2047,2041,2005,2083,2599,2626,2621,2585,2097,2210,2155,2451,5451,5120,4186,4900,39603,40378,43920,41043,2526,2536,2611,2550,9622,7337,8601,9262
5535,2226,2355,2357,2154,2041,2040,1958,2037,2637,2590,2686,2612,2211,2191,2209,2365,5427,5176,4175,4853,40265,40925,44145,40975,2639,2551,2535,2495,9819,7320,8650,9219
5562,2217,2460,2463,2078,2093,2144,2080,2023,2580,2604,2586,2552,2172,2166,2205,2382,5519,5315,4319,4990,40282,40954,44912,41024,2512,2619,2562,2606,9792,7469,8536,9114
5589,2239,2414,2378,2080,2112,1977,2048,2091,2664,2598,2585,2595,2187,2215,2160,2415,5524,5174,4250,5025,40649,40951,44473,41088,2534,2561,2601,2516,9693,7396,8834,9203
5616,2354,2466,2448,2084,2115,2138,2022,2042,2603,2514,2654,2611,2189,2100,2128,2465,5543,5161,4297,5016,40700,41092,44670,41633,2604,2586,2582,2579,9820,7450,8839,9203
5643,2217,2380,2427,2078,2148,2104,2070,2025,2591,2672,2619,2549,2143,2174,2154,2363,5512,5336,4289,5028,40844,41500,44552,41749,2580,2586,2591,2569,10087,7476,8817,9443
5670,2249,2488,2423,2068,2096,2070,2026,2003,2601,2677,2695,2604,2214,2152,2199,2340,5696,5269,4208,5053,40994,41610,44589,41602,2581,2621,2517,2606,9740,7458,8765,9372
5697,2219,2426,2392,2090,2146,2072,2014,2065,2670,2671,2577,2563,2230,2206,2220,2383,5559,5356,4266,5131,40945,41448,44630,41677,2637,2561,2568,2593,9955,7357,8823,9365
5724,2258,2369,2439,2083,1994,2073,2080,2000,2657,2675,2580,2650,2199,2169,2199,2410,5709,5271,4343,5100,40946,41744,44857,42042,2633,2572,2592,2523,10051,7645,8907,9281
5751,2282,2403,2435,2073,2090,2096,1953,2051,2625,2595,2629,2592,2093,2141,2149,2421,5547,5362,4395,5058,40862,41718,44961,41963,2615,2593,2642,2590,9974,7564,8845,9471
5778,2353,2352,2423,2032,2095,2051,2004,2044,2675,2599,2641,2617,2193,2216,2165,2354,5723,5344,4360,5103,40873,41751,44736,41816,2630,2573,2654,2671,9950,7440,8745,9350
5805,2313,2302,2373,2082,2058,2032,2025,2039,2468,2624,2693,2638,2177,2160,2156,2434,5699,5440,4377,5113,41438,41903,45014,42167,2638,2605,2613,2618,10087,7654,8899,9301
5832,2325,2331,2440,2068,2071,1979,2047,2033,2609,2640,2578,2640,2130,2228,2181,2373,5813,5360,4473,5153,41223,42090,45032,41761,2563,2638,2586,2603,10013,7548,8930,9526
5859,2281,2378,2408,2026,2066,2125,2050,2036,2636,2600,2700,2589,2239,2236,2167,2430,5758,5420,4467,5206,41090,42169,44848,41928,2642,2659,2665,2613,10085,7701,9001,9423
5886,2351,2364,2416,2064,2139,2004,2052,1955,2643,2633,2585,2632,2210,2205,2165,2423,5684,5398,4595,5264,41514,42081,44727,41763,2584,2585,2625,2644,10063,7683,9035,9317
5913,2333,2292,2380,2100,2108,2059,2100,2009,2688,2650,2680,2595,2230,2157,2163,2474,5743,5495,4390,5293,41176,42104,44891,41644,2627,2602,2661,2643,10089,7786,9009,9422
5940,2327,2297,2455,2021,2101,2077,2041,2041,2615,2638,2675,2640,2141,2227,2189,2449,5842,5565,4526,5242,41253,42085,44424,41899,2659,2609,2599,2708,10134,7605,8976,9355
5967,2304,2432,2351,2108,2059,2048,2012,2002,2680,2660,2647,2562,2193,2191,2211,2359,5886,5540,4501,5261,41303,42110,44997,41513,2714,2662,2614,2659,10040,7635,9127,9344
5994,2257,2385,2400,2042,2112,2051,2042,2050,2639,2693,2708,2662,2178,2203,2167,2393,5797,5511,4551,5229,40933,42174,44632,41576,2670,2677,2645,2624,10001,7669,9062,9501
6021,2309,2491,2421,2092,2102,1985,2015,1994,2649,2629,2710,2646,2164,2187,2204,2438,5838,5503,4554,5218,41565,42542,44824,41532,2630,2645,2641,2594,10015,7716,9025,9422
6048,2274,2446,2418,2068,2077,2084,2021,2099,2678,2596,2700,2632,2237,2165,2213,2402,5860,5562,4571,5310,41606,42942,44326,41674,2700,2676,2649,2637,10228,7724,8983,9359
6075,2236,2497,2437,2068,2099,2027,2075,1995,2684,2642,2741,2627,2206,2226,2153,2412,5885,5556,4537,5250,41325,42388,44877,41659,2609,2644,2615,2640,10022,7611,9201,9091
6102,2255,2421,2462,2078,2136,2051,2052,2000,2659,2710,2656,2661,2176,2176,2208,2404,5926,5548,4592,5279,41479,41897,44730,41442,2673,2625,2673,2634,10155,7768,8901,9357
6129,2256,2310,2437,2090,2128,2030,2078,1957,2724,2665,2766,2673,2156,2201,2188,2371,5891,5519,4545,5446,41832,42320,44773,41752,2649,2653,2639,2612,10206,7692,9022,9339
6156,2348,2357,2450,2091,2114,2081,2099,2053,2629,2654,2685,2723,2178,2221,2179,2421,5801,5720,4561,5289,41835,42311,44627,41772,2670,2645,2582,2654,10276,7761,8983,9306
6183,2285,2404,2418,2050,2089,2026,2003,2067,2715,2726,2641,2637,2163,2231,2258,2411,5878,5602,4749,5519,41359,42190,44761,41862,2623,2652,2578,2626,10181,7746,9040,9560
6210,2299,2408,2432,2050,2074,2077,2024,2061,2668,2643,2690,2648,2212,2185,2175,2406,5940,5588,4724,5498,41600,42713,45170,41991,2638,2661,2669,2707,10199,7584,9033,9403
6237,2235,2403,2412,2058,2132,2043,2060,1982,2655,2605,2707,2660,2217,2235,2204,2388,6014,5701,4679,5463,42216,42511,44897,41959,2666,2716,2606,2583,10079,7859,9158,9529
6264,2309,2342,2418,2063,2114,2071,2061,2051,2735,2621,2737,2756,2195,2177,2155,2420,6007,5678,4686,5495,41518,42700,45229,42152,2581,2663,2688,2759,10183,7943,9088,9637
6291,2345,2466,2368,2042,2178,2105,2104,2042,2679,2656,2696,2712,2173,2270,2210,2472,6129,5755,4629,5466,42210,42435,45303,42308,2639,2639,2660,2644,10069,7907,9117,9464
6318,2234,2377,2402,2050,2151,2058,2067,1930,2727,2719,2711,2702,2153,2147,2177,2474,6213,5853,4723,5477,41353,42670,45475,41844,2672,2639,2636,2584,10192,7774,9119,9637
6345,2322,2355,2449,2031,2128,2053,2034,1994,2672,2775,2726,2649,2132,2243,2203,2439,6129,5909,4766,5586,41678,42602,45254,42073,2702,2640,2611,2709,10104,7796,9166,9505
6372,2222,2423,2440,2113,2191,1959,2064,2061,2653,2668,2728,2610,2216,2245,2181,2410,6193,5916,4796,5617,41639,42597,45215,42322,2624,2688,2629,2730,10267,7727,9232,9416
6399,2231,2398,2426,2128,2047,2026,2000,2037,2682,2661,2716,2641,2182,2207,2202,2421,6284,5833,4768,5673,41323,43088,45094,41821,2701,2659,2698,2718,10274,7792,9238,9383
6426,2329,2445,2397,2100,2148,2026,2014,2042,2752,2755,2804,2696,2198,2224,2188,2406,6231,5747,4780,5558,41740,42457,45028,41946,2696,2652,2633,2680,10152,7669,9166,9519
6453,2272,2371,2414,2093,2065,2005,2011,2050,2680,2709,2691,2742,2182,2191,2181,2441,6297,5956,4853,5576,41710,42525,45333,41848,2754,2684,2611,2731,10207,7744,9221,9490
6480,2268,2433,2397,2046,2093,2068,2045,2041,2632,2682,2689,2686,2162,2225,2174,2423,6082,5868,4820,5753,41644,42918,45366,41955,2626,2697,2579,2685,10250,7790,9259,9445
6507,2315,2418,2410,2057,2055,2038,2133,2052,2750,2803,2803,2721,2185,2222,2157,2384,6278,6025,4799,5651,41726,42902,45025,42074,2648,2665,2671,2712,10172,7816,9234,9402
6534,2307,2418,2438,2054,2088,2032,2075,2059,2697,2751,2726,2669,2185,2225,2202,2447,6222,5872,4837,5581,42172,42966,44935,41930,2661,2685,2766,2694,9970,7868,9217,9531
6561,2273,2421,2395,2066,1995,2001,2056,2021,2759,2720,2667,2689,2170,2245,2217,2456,6299,5980,4923,5700,42110,42129,44984,41853,2655,2657,2684,2828,10120,7755,9066,9449
6588,2258,2539,2492,2072,2117,2042,2003,2032,2755,2745,2701,2711,2118,2173,2165,2462,6343,6071,4914,5729,41731,42574,44843,42091,2666,2664,2657,2765,10212,7753,9247,9417
6615,2306,2435,2428,2069,2045,2072,2083,1966,2741,2677,2724,2705,2177,2209,2161,2466,6342,5971,4848,5592,42442,42593,45283,42146,2702,2684,2673,2720,10140,7753,9212,9581
6642,2248,2511,2403,2002,2089,2049,1961,2002,2743,2714,2728,2787,2203,2186,2215,2468,6288,6087,4974,5717,41730,42625,44959,42015,2658,2721,2719,2685,10071,7931,9074,9203
6669,2281,2458,2386,2029,2101,2104,2010,2053,2718,2669,2733,2688,2209,2182,2144,2424,6384,5933,4903,5747,42164,42596,44963,41696,2729,2701,2696,2777,10161,7871,9274,9264
6696,2245,2467,2423,2108,2104,1991,2072,1983,2726,2737,2793,2737,2205,2179,2235,2458,6440,6040,4977,5785,42255,42431,44781,42124,2738,2720,2686,2713,10219,7698,9233,9431
6723,2271,2412,2386,2091,2148,2050,2019,2020,2754,2725,2715,2647,2192,2198,2125,2435,6334,5999,5017,5768,42434,42557,44596,42052,2732,2764,2710,2815,10102,7730,9148,9344
6750,2259,2434,2467,2053,2072,2049,2082,2074,2713,2754,2767,2713,2139,2207,2134,2360,6437,6034,5002,5808,42423,42508,45182,41858,2718,2701,2648,2704,10272,7912,9181,9218
6777,2329,2433,2407,2076,2110,2090,2022,2004,2739,2759,2805,2800,2159,2251,2225,2431,6526,6089,5008,5847,42377,42821,45182,42212,2785,2654,2704,2739,10197,7879,9149,9367
6804,2309,2536,2404,2104,2095,2035,1957,2074,2789,2810,2765,2763,2235,2210,2211,2396,6520,6128,4935,5809,41782,42881,44887,41925,2704,2677,2661,2700,10254,7791,9154,9127
6831,2262,2372,2433,2086,2111,2057,1970,2020,2775,2766,2770,2711,2183,2175,2174,2423,6474,6229,5046,5813,42148,42896,45068,42019,2754,2732,2690,2717,10189,7887,9249,9357
6858,2309,2418,2412,2074,2084,2042,2037,2091,2704,2737,2760,2688,2146,2214,2207,2428,6462,6068,5116,5882,41755,42876,45062,42058,2839,2738,2706,2757,10069,7820,9316,9574
6885,2282,2390,2389,2063,2148,2074,2060,2034,2844,2722,2868,2684,2258,2196,2217,2442,6554,6221,5149,5831,41881,42709,45448,42208,2726,2793,2715,2752,10086,7891,9045,9316
6912,2267,2430,2401,2083,2091,2060,2040,2007,2790,2883,2737,2799,2234,2189,2216,2481,6569,6174,5059,5978,42228,43369,45376,42500,2746,2747,2845,2836,10103,7885,9179,9418
6939,2218,2429,2386,2041,2117,2060,2008,2054,2730,2821,2767,2739,2219,2187,2173,2394,6567,6350,5056,5986,42381,43042,45271,42372,2715,2702,2720,2790,10305,7834,9198,9461
6966,2276,2397,2400,2107,2151,1999,2082,2061,2801,2827,2779,2762,2189,2187,2279,2414,6731,6187,5139,5943,42190,43138,45042,42436,2747,2727,2715,2792,10259,7920,9293,9232
6993,2268,2404,2426,2169,2074,2066,2073,2060,2819,2758,2846,2698,2252,2210,2184,2492,6731,6257,5256,5928,42380,43349,45194,42413,2700,2676,2668,2711,10251,7974,9292,9471
7020,2261,2350,2456,2053,2100,2064,2076,2025,2736,2795,2811,2695,2270,2202,2258,2471,6755,6459,5123,6075,42082,43506,45248,42617,2685,2741,2791,2804,10108,7893,9251,9305
7047,2261,2412,2444,2081,2069,2001,2011,1978,2735,2724,2815,2694,2207,2193,2181,2392,6729,6439,5243,6210,42074,43802,45617,42398,2812,2766,2743,2818,10049,7917,9298,9523
7074,2253,2424,2489,2101,2117,2043,2003,2080,2848,2817,2874,2813,2247,2226,2165,2413,6731,6487,5150,6076,42222,43088,45481,42572,2838,2768,2801,2826,10101,7823,9379,9334
7101,2355,2436,2415,2087,2087,2057,1994,2052,2784,2792,2811,2749,2186,2246,2205,2381,6739,6367,5302,6029,42384,43090,45734,42544,2745,2755,2861,2873,10068,7859,9429,9434
7128,2297,2434,2415,2030,2091,2039,2062,2025,2841,2832,2862,2707,2162,2320,2211,2403,6744,6413,5218,6148,42503,43277,46092,42392,2762,2788,2756,2838,10133,7903,9363,9302
7155,2267,2369,2397,2029,2104,2028,2042,2083,2831,2791,2847,2817,2247,2225,2174,2473,6841,6345,5273,6110,42234,43114,46097,42587,2826,2739,2788,2817,10164,7850,9307,9494
7182,2225,2367,2424,2054,2134,2087,2028,2062,2865,2795,2875,2830,2195,2221,2205,2443,6994,6525,5291,6206,42256,43727,45992,42768,2786,2830,2729,2820,10275,7908,9325,9447
