proteinID,P11,P12,P13,P2a1,P2a2,P2a3,P2b1,P2b2,P2b3,P31,P32,P33,P1,P2a,P2b,P3,group
A2ADY9,22.829838981186985,26.92286364786704,27.133986290899355,27.029495342233858,22.837742387554044,27.11227340951973,26.866203010419078,27.242181350983703,26.85816107937524,26.487522730703304,27.02400859956226,26.839060162667227,25.62889630665113,25.65983704643588,26.98884848025934,26.783530497644264,high3
A2AJ15,25.259327779073846,25.277603540833972,25.400314783078297,25.814138259445972,25.461483194307554,24.29011477810322,25.318172613526624,22.817841750337262,24.26827409716303,25.82762239871449,23.445571855916405,22.83580985641075,25.31241536766204,25.18857874395225,24.134762820342303,24.03633470368055,high1
A2AN08,26.004381820226286,26.929086803843962,26.424271002675454,26.533621556187267,26.6066787845694,26.00290220985229,26.687657816697396,27.191876562291824,26.28296721914984,27.028757956559286,27.00742204893962,27.088207880016263,26.4525798755819,26.381067516869653,26.720833866046352,27.04146262850506,high3
A2APB8,25.48012849601943,24.84857060303289,25.271311701951266,25.482161459028475,25.29045708666745,25.777083710398912,24.639645418945893,24.693704739225286,23.513034870257975,24.645374341489404,24.29005982833633,23.53283276640036,25.200003600334526,25.516567418698276,24.282128342809717,24.15608897874203,high1
A4Q9F3,28.751492164884834,28.62818841630846,28.434599214965335,29.004638988938485,23.68100411145221,28.628918445982926,28.456110284360022,28.64746193987178,23.659977065729397,24.240107600903116,28.313154779081824,27.910622146009654,28.604759932052875,27.10485384879121,26.92118309665373,26.8212948419982,high1
B1AQJ2,25.261302131569717,25.38804619867599,25.234253183442554,25.37597060538718,25.302290844472342,25.455788996738477,24.994294732253007,24.819288785683366,23.134216177822534,22.964063828961006,22.010804057917447,24.0086810564656,25.294533837896086,25.378016815532664,24.315933231919633,22.99451631444802,high1
B1AZI6,26.780817272088584,26.62477671823419,26.756718171984375,26.45498938526696,26.200583008512883,26.26913695458842,26.131535311680363,26.12020686388556,25.857947594524052,26.26284383647079,25.508090707244676,26.56057540275135,26.72077072076905,26.308236449456086,26.036563256696656,26.11050331548894,high1
C0HKG6,24.872487017122886,25.254938638385443,25.235604962325475,25.830429905593594,23.569913429375703,24.86268426908196,22.945759036902153,21.995001716261775,23.98763398692736,23.90034424569827,23.826991910186205,23.691001684375816,25.1210102059446,24.754342534683747,22.97613158003043,23.806112613420098,high1
O09126,24.22703132103551,23.559247154328972,22.957444019865683,28.360138116535893,28.454542350456595,28.632632395498167,28.457519969391218,23.670788571012917,28.251421298063203,30.05012037324803,30.785034083329254,30.5235583369393,23.58124083174339,28.482437620830215,26.793243279489115,30.45290426450553,high3
O09172,26.466237186492325,26.248438374388506,26.733761786266,23.827644726699464,26.325259333511628,23.691830077798333,26.569135346258857,26.61428230911926,26.861122885057025,27.262126969354977,27.17054645109507,27.048016504835832,26.482812449048946,24.614911379336476,26.681513513478382,27.16022997509529,high3
O35226,26.94480748443784,27.118227586526288,27.53125829708847,27.36611340177368,27.392556802768034,27.0957715706183,27.40576122243822,27.395665002833752,27.6574460284444,28.098635407506766,28.33777357474303,28.17068970113648,27.198097789350868,27.28481392505334,27.486290751238787,28.202366227795427,high3
O35593,27.095067301607052,27.26347080312888,27.418685064898632,27.33696535412137,27.184801507862204,27.200321081307937,27.434360601787148,27.34443475738037,27.75436243914061,28.216693320151933,28.34303718681565,28.456345327540877,27.25907438987819,27.240695981097172,27.51105259943604,28.338691944836153,high3
O35638,26.530454799344895,26.118960235670315,26.59662018361339,26.587063515345793,26.254181781653443,26.283338221348252,26.68190708956888,26.068887645838338,23.360920083608523,26.72935976980306,23.087446980545828,25.96706051920534,26.415345072876203,26.3748611727825,25.370571606338583,25.261289089851413,high1
O35943,27.964661144847838,27.515929821842885,27.90270972193007,28.104396076597265,27.222232566891126,27.856796604246682,27.15557024352228,27.160194887656175,27.26338125314338,27.171405738064518,26.640583434227445,23.79226721471123,27.794433562873596,27.727808415911692,27.193048794773944,25.868085462334395,high1
O54774,24.96380168286773,24.191217689973328,25.747118381925223,23.24391582495072,24.08521179572936,22.458281011999663,24.510990112087693,24.313544047881475,24.128175613418993,24.98407141209917,23.237286951799014,24.641134923164163,24.967379251588756,23.26246954422658,24.31756992446272,24.287497762354118,high1
O54965,25.988477187647426,26.78606298747905,26.356154795575275,26.523935902557433,26.29245953709621,23.586701068374744,26.55569871538001,26.286620082698736,23.255100382195984,22.912463504166087,23.553815300749463,23.79547205364317,26.37689832356725,25.467698836009465,25.365806393424908,23.420583619519572,high1
O55028,27.705762618692614,29.42223897257572,29.53628857431703,29.7352315262627,30.00182371174918,29.752752599566968,29.3754859700972,27.990101539525785,29.76697161839273,30.129890822994778,29.82178723882648,29.978146935944505,28.888096721861785,29.829935945859614,29.04418637600524,29.976608332588587,high3
O55102,24.135904323045786,23.266030258607657,23.557954590229997,24.148754873082872,23.275585880103513,23.568615969273367,25.056020783999706,23.54773904889805,24.76830064978331,25.909306418566988,26.06529647665731,26.0115226193876,23.653296390627816,23.664318907486585,24.45735349422702,25.9953751715373,high3
O70201,25.719445016351855,25.57879672183501,26.314339559593623,26.60087885552665,25.376831777464616,26.592491483288732,25.19977836648991,25.208474610454495,24.823036363674877,25.323782938776638,23.268501179245483,23.86281800309702,25.870860432593492,26.190067372093335,25.077096446873096,24.151700707039712,high1
O70579,25.973709451392654,26.26060244298498,25.43971195078551,23.994219213784596,23.792964864260618,25.679519831145388,23.068818289139905,26.02320494040647,23.081171952051836,23.53977939866252,22.66008822644158,25.849286734742197,25.89134128172105,24.488901303063532,24.0577317271994,24.016384786615433,high1
O88425,25.946727119791635,25.834269271027267,25.70514299209548,25.73590613608538,26.00652349340864,25.658154594537134,25.734769769298516,25.755776340389115,23.77178826408664,23.254916272362873,24.77243711975254,25.707751534891088,25.828713127638128,25.800194741343716,25.08744479125809,24.57836830900217,high1
O88685,28.07209162298719,28.153300677779782,28.441224828431825,28.353128514225997,28.133055409241845,27.930779379659963,28.36948705685584,28.230410142436206,28.630655126471062,28.72302452642556,28.764047230211396,29.005950907242912,28.222205709732933,28.138987767709267,28.410184108587703,28.831007554626623,high3
P00416,26.637684653569025,26.716465104532492,25.98659064538635,25.094141167744905,26.01490960405179,25.573779148575966,26.532120815022623,26.1942272243964,25.623158565014492,25.47589939047576,25.40982855548826,25.38755327855017,26.44691346782929,25.560943306790886,26.11650220147784,25.424427074838064,high1
P05063,25.00893976413435,25.49390259032258,25.90182404369112,22.914297067824943,25.184234001774424,25.13672645324427,24.694183148078732,25.213007185129083,25.720723966692134,24.342452346519753,24.957837477514726,25.315618376119335,25.46822213271602,24.411752507614548,25.209304766633313,24.87196940005127,high1
P07214,27.69895853138989,27.34545032265318,27.68972514532755,27.125340312720855,26.793399900021786,26.60342803757165,26.879234726120185,26.57359137194955,26.907244607121502,26.88669535058554,24.635438143909315,26.278277307994493,27.578044666456872,26.840722750104764,26.786690235063745,25.93347026749645,high1
P0DP28,29.8422112997938,29.797394615008987,30.78238049148618,30.775803557082924,29.22467231275956,30.76335082658853,29.269279661452465,29.472394048719558,29.448017153327008,29.090329713634627,28.622474489144878,29.198472207137023,30.140662135429654,30.254608898810336,29.396563621166347,28.970425469972174,high1
P12787,29.94907297043359,29.943774065234972,30.489032270922,30.69527890371214,29.526993904684524,30.6670399752093,29.246333059540394,29.311055242768436,29.514989869604946,29.488668439968897,29.18151159985566,29.21803392156489,30.127293102196855,30.29643759453532,29.357459390637928,29.296071320463152,high1
P13011,27.443479317995102,27.046352016574026,26.876778277976662,26.322511342126717,26.256667107091666,26.636578822306,26.784690952148924,26.280155102367264,26.61400141055122,25.901455809623236,25.876192792379207,26.08279826112976,27.122203204181933,26.40525242384146,26.559615821689135,25.953482287710738,high1
P14069,26.88611387661818,27.32079118568007,27.38977009406212,26.92399712925854,27.27914564879989,23.57485003288807,23.533962322295693,27.181487904251018,26.946481727449097,27.20927441820359,24.71518237144786,23.070518598966224,27.198891718786786,25.925997603648835,25.887310651331934,24.998325129539225,high1
P14685,26.05573124816003,26.22204826757548,26.234180078218646,26.249451452153586,25.97773218335577,26.08606266837163,26.638927701405056,26.645676680919344,26.64622622669911,26.64842231889885,27.26338125314338,27.097882317214108,26.17065319798472,26.104415434626997,26.64361020300784,27.003228629752112,high3
P16014,26.135591874503856,25.845319673374807,27.58584656458541,27.04967907493154,26.301959561203194,28.12598071139736,24.560225531271307,25.670606548441583,25.521182267071527,24.844122634557284,23.336371636473263,25.254037573437728,26.522252704154692,27.159206449177365,25.25067144892814,24.478177281489423,high1
P16460,25.66657618028348,25.823862440785142,25.717563683012536,22.971335884551078,24.943466689693665,23.540803035098847,23.24939719331199,25.821674734115316,25.17333249849305,23.380183804192814,25.62463729373146,22.98303955758847,25.736000768027054,23.818535203114532,24.748134808640117,23.995953551837584,high1
P17095,27.05527614583625,26.753661343703705,27.5616536393263,27.56332767961909,26.395370828756697,27.595055515434407,26.18408262910782,25.33983886006441,26.73982489412331,25.90044268104165,24.951759600766053,26.17344687857537,27.123530376288752,27.1845846746034,26.087915461098515,25.675216386794357,high1
P17809,28.1471501029899,28.36877965961073,28.521406945096363,27.414497501694775,27.464898301630008,28.02838912234,28.06131523516413,27.671281683013728,27.866144041869852,27.51284448583785,27.04520656590576,27.497318048693018,28.345778902565666,27.635928308554927,27.86624698668257,27.35178970014554,high1
P21300,26.425632103813374,26.1735612495901,22.906104780149665,25.96188257446873,26.3022036720398,23.117597156188914,26.30119208670408,26.30921292772408,26.49611441247987,26.312903861300654,26.64595147997558,26.387093067769463,25.16843271118438,25.127227800899146,26.36883980896934,26.448649469681897,high3
P24860,25.348881027101754,25.204263664804675,24.588179344147257,26.156033375611827,25.516921747050446,24.991442957605585,24.56877305122647,24.20940457750933,24.308275695731155,23.95189296753674,23.971691670075273,23.153737550098953,25.04710801201789,25.554799360089287,24.362151108155654,23.69244072923699,high1
P26350,26.985331578628163,26.47687287416111,27.413852181005957,28.054085995450773,22.71316827712074,28.20452487725928,23.519963266564698,22.642581416099976,26.998411209665615,23.557067801925907,23.495497661115593,23.011157051064707,26.95868554459841,26.32392638327693,24.38698529744343,23.35457417136874,high1
P26516,28.013824078708122,28.266914257845528,28.301994436708814,28.18503790286198,28.42362202605149,28.16595492341872,28.609957438037497,28.42129613294232,28.64175509633389,28.75436243914061,28.98739326945903,29.001528459783948,28.194244257754153,28.258204950777397,28.55766955577123,28.91442805612786,high3
P28667,27.45967099862657,27.347141344403237,27.942516205589484,28.173408752888843,27.05196198491661,28.238769378464983,26.913649479087912,26.643476402096688,27.119712299059188,27.170641952703082,26.637822822897377,24.2850063471444,27.58310951620643,27.82138003875681,26.892279393414597,26.03115704091495,high1
P32507,23.851650716725157,23.564165129424687,22.962928359245165,23.256307695432234,24.771869272451355,23.313553136371144,23.097322695777137,22.69343404297153,25.45161359336399,25.475682971533647,25.402105434416757,25.886718604670225,23.459581401798335,23.780576701418244,23.747456777370886,25.588169003540212,high3
P35276,26.167487056886376,26.016398212147518,23.530246608969932,23.74908952326286,25.925084434212934,26.570959929703083,23.656360262560725,26.144838075643655,27.005067501614356,26.01109602002589,25.889715243086894,26.11018362844326,25.238043959334608,25.415044629059626,25.60208861327291,26.003664963852014,high3
P43883,26.556210519382265,26.90069602989486,26.750086838632487,26.884018627683176,27.028757956559286,26.404235041942478,26.85804248058025,27.05951131851051,26.97388458622128,27.69730220294812,27.442293183717247,27.58168687228374,26.735664462636535,26.772337208728317,26.96381279510401,27.573760752983034,high3
P46471,27.392720559299523,27.371274809040866,27.487231368548212,27.54686714841629,27.48952999621737,27.409731462061806,27.620658020572556,27.617788934346905,27.866379901606493,28.147635352411207,28.525071741748285,28.412116449993764,27.417075578962866,27.48204286889849,27.70160895217532,28.361607848051083,high3
P46656,25.913215760905565,25.349859731799935,26.330175465914017,26.33754391598648,25.25616318426594,26.033428715026112,25.411478144760437,22.87294675090988,23.42907523297045,24.800008411983086,24.024198874335475,24.48074484799227,25.864416986206503,25.87571193842618,23.904500042880255,24.434984044770278,high1
P46718,23.108637709728825,22.70573495477552,23.666310657990405,22.258605976776092,24.212608650848345,23.428560306971608,22.239478935894542,24.190871500708305,23.4078704695444,25.756310968907698,25.61739661589816,25.917638132557222,23.16022777416492,23.29992497819868,23.27940696871575,25.763781905787692,high3
P47856,25.028968676641586,24.831517555513845,25.116562892484136,23.701882370242902,25.14125586653338,25.30976803728662,25.11370465471736,25.465536762188176,25.63942462080636,25.275686903845603,25.87490388707928,25.71413439621499,24.992349708213187,24.717635424687632,25.406222012570634,25.621575062379957,high3
P49962,23.303854244331653,23.73774712202475,25.932177077946285,26.33716957892136,23.07214809777504,26.136296200819338,23.68082743584967,22.759088984889576,22.56843399299058,26.235513665802728,26.2844330048547,26.13010201150892,24.324592814767566,25.181871292505246,23.002783471243276,26.216682894055452,high3
P51807,27.83629349771458,27.761925316743394,23.343877180994863,27.425343977784877,27.892960381115252,27.374926573160494,27.512241698952433,23.31708948037229,27.983321307848428,27.863369797743417,28.435632749604725,28.34151101872434,26.31403199848428,27.564410310686878,26.270884162391052,28.213504522024163,high3
P51949,22.884809469682228,23.439580434337305,22.25288795846619,23.33765789256472,25.46238843923769,23.381413494417497,23.360786634556074,22.964684951385355,25.50230471217584,25.468988894202518,25.822525903178096,25.793350283656928,22.859092620828573,24.060486608739968,23.942592099372423,25.694955027012515,high3
P52479,25.35900713303927,25.18010340546285,25.133947107992444,22.984782000541752,25.498414159618253,22.99724037467884,25.69216211952608,22.977126683929207,25.310114872330335,23.168735620026812,23.631350093918705,23.22962545132607,25.224352548831522,23.826812178279614,24.659801225261873,23.34323705509053,high1
P52875,25.59619362419347,25.14211329127968,25.440884371292007,23.25623360361113,24.996020341023883,24.843547702944644,25.044435477987356,25.116364586612992,23.23577395600397,23.033029982423347,24.139160380694225,23.207341918394405,25.393063762255053,24.365267215859888,24.465524673534773,23.45984409383733,high1
P54726,24.785264871123232,24.92877063630873,25.432657348643314,25.599120128386666,24.947886591618847,25.069440916816493,25.0345625626475,24.951092581917937,25.343808135587572,25.830695851305517,25.728944769968223,25.831541716201155,25.048897618691758,25.205482545607335,25.10982109338434,25.7970607791583,high3
P54728,27.056827041862146,27.282507750870604,27.315100073602213,27.10679374219874,27.252775136294076,27.234710007182443,27.50650262710221,27.617368589069066,27.22830127390852,27.85251684160321,27.945086659901854,28.128736106740227,27.218144955444988,27.198092961891756,27.450724163359933,27.975446536081762,high3
P54775,27.438332344855294,27.503397042374445,27.7826304494789,27.47653300211341,27.575280482380855,27.398603449194535,27.840621586083312,27.77159112222739,27.944360691296797,28.25925593350022,28.35971933713066,28.35762361473876,27.574786612236213,27.4834723112296,27.8521911332025,28.32553296178988,high3
P56213,25.29288075168013,24.620361587756182,25.156997756883374,25.358135251857437,25.16706588236011,25.452650723457985,23.670815341115205,23.51508894002066,25.04996982781623,22.927918658451812,23.141721235657,23.37170033310001,25.023413365439893,25.32595061922518,24.07862470298403,23.147113409069608,high1
P56379,30.004906824275906,29.80472042189989,29.834878042541035,29.538084825474417,30.059305012913004,29.59081527849176,30.03288772374745,23.950741703244706,29.702678332271486,30.42442318949892,22.983414326523853,23.653668883758257,29.88150176290561,29.72940170562639,27.895435919754547,25.687168799927008,high1
P57724,26.14398226924707,26.16808032146508,26.575410332076356,26.773415924834033,26.014590416670043,27.160964222451575,26.906097881808055,26.85400430955732,27.286126516138708,27.506805253363932,27.599602573400063,27.573909133463186,26.295824307596167,26.64965685465188,27.01540956916803,27.560105653409064,high3
P60335,30.309538213142968,30.15400124386694,30.24184051662194,30.40871968346582,30.382470499091337,30.214656922348176,30.496099170140518,30.35058067986271,30.41175289302288,31.473584730681008,31.711739208981637,31.586965123652195,30.235126657877284,30.33528236830178,30.419477581008703,31.590763021104948,high3
P60843,30.967604775806706,31.04940644087411,30.979714823543734,31.09093537906791,30.978487926052424,30.97603099648979,31.12021922583425,31.25236911820581,31.557870804121226,31.43995760424702,31.809581152769884,31.585443670924644,30.998908680074848,31.015151433870045,31.310153049387097,31.61166080931385,high3
P61222,27.120009058299335,27.358420347912432,27.353885679906146,27.266512200050794,27.246718131580476,27.3745120651729,27.31163995672383,27.556254379849573,27.793337879299084,27.77624295340482,28.04499820440325,27.97037784379526,27.277438362039305,27.295914132268056,27.553744071957496,27.930539667201113,high3
P62073,23.37145852934708,26.7662292272259,25.89988976543044,23.75534749620571,26.86844203114841,25.97537237450249,26.542549088866416,26.60286194180575,26.265045973741543,26.858990998064044,26.572550935563783,26.54577779974229,25.345859174001138,25.533053967285536,26.470152334804567,26.659106577790038,high3
P62192,27.158077099132854,27.279677028194808,27.240362636540652,27.26060244298498,27.2714185722088,27.036010072352568,27.55391329204841,27.57051123823298,27.57600172173042,27.72344774258393,27.873848471029937,27.890817090423216,27.22603892128944,27.18934369584878,27.566808750670603,27.829371101345696,high3
P62196,27.914904244571222,28.076226812156058,28.137410681400745,28.053153888069605,28.200695248473593,27.827174144196086,28.204758062706603,28.30112229604576,28.562090532795814,28.764173812943355,29.14962317040171,29.121022525374507,28.04284724604268,28.02700776024643,28.35599029718273,29.011606502906528,high3
P62334,28.868118177354898,28.87759755883965,29.02506536421608,29.17476635944956,29.13899781824908,28.627771090577784,29.107791594666857,29.155304840425096,29.33054734796619,29.83314447776963,29.894233262324736,29.61910172452341,28.923593700136877,28.98051175609214,29.19788126101938,29.782159821539256,high3
P62876,23.95997350945899,26.702793905715122,26.94089334487703,26.814333875797303,26.518348321912942,22.994494039031668,26.536974006149293,26.503063362551895,26.3611008480918,26.819337517972073,26.316378216478274,26.681102836993436,25.867886920017046,25.44239207891397,26.467046072264328,26.605606190481257,high3
P63082,23.547447537122494,27.451362055565273,23.48618892623249,27.067021353509347,27.505821485824352,22.605339805130207,23.033969578930538,22.94628046218949,27.438253017054933,27.23224143874822,27.887857595908116,27.390016196762097,24.828332839640083,25.726060881487967,24.472834352724988,27.503371743806145,high3
P68181,26.159559877457664,26.169438170191683,23.743981480325044,26.518963566085052,23.362160059864944,26.925356132459015,22.772917223549836,23.41071979176966,26.338411323979475,25.859062111742208,26.77366744070651,26.34739482679709,25.357659842658133,25.60215991946967,24.174016113099658,26.32670812641527,high3
P68368,24.271702890553556,26.590922328494223,27.62072792705547,22.79275777141022,26.894811473643003,26.638513471118184,26.107951187033162,28.06486493502475,26.36871306318401,26.287853260858178,27.804951158351155,27.40632906890096,26.161117715367748,25.44202757205714,26.84717639508064,27.166377829370095,high3
P70288,26.11991014533499,26.107192966010594,26.69458170097253,24.392881850587603,25.934653537692625,26.52994866367932,26.651847034557502,26.448607994000177,26.01618564786476,26.429037233060757,26.149729756419333,23.93396050319649,26.307228270772708,25.619161350653183,26.372213558807477,25.50424249755886,high1
P70297,24.79143875496099,24.634392312247655,25.422459548218466,23.765201906280787,24.58164377824517,24.55444036812109,25.474940717165936,24.380667679255534,25.003545705175508,25.9274600607433,26.06978916379475,25.74819387348581,24.949430205142374,24.300428684215685,24.953051367198995,25.915147699341286,high3
P70362,25.464072555648652,25.22563786441248,25.14246390912703,25.39600813012791,23.880790652434428,25.29245953709621,25.370027773747655,26.03475145064492,25.809190135907237,26.05969696832765,25.855193180692496,25.840885659857456,25.277391443062722,24.85641943988618,25.737989786766605,25.918591936292533,high3
P97329,26.327025587623012,25.680995569433932,25.278950760639287,26.19951629314488,25.936586722362012,26.41907099712093,24.32012124613406,25.496952493242453,22.937109893680514,25.383636799547986,23.18314482070918,22.483530822968497,25.76232397256541,26.18505800420927,24.25139454435234,23.68343748107522,high1
P97480,24.328451391716165,24.43860202675413,22.948815989323656,22.948232110301785,23.21309568275198,23.10231026081911,25.242781023959207,23.082056220270452,24.457887827141317,25.962919651207027,26.529144436011048,26.269725529441576,23.90528980259798,23.08787935129096,24.260908357123657,26.253929872219885,high3
P97770,23.052436424329066,24.179713082523897,25.838242744444617,25.589808620011752,23.145814384594743,26.183098319447954,23.125502232295393,25.78788203961411,23.14989353370502,25.062375915451682,27.21946560202131,26.33691429340393,24.35679741709919,24.97290710801815,24.021092601871505,26.206251936958974,high3
Q03517,25.16380719932561,25.32299261862396,25.959695651641315,26.133026003193457,24.894811473643003,26.464150476406594,24.818216258654633,25.021702166007948,23.611293574960737,24.73546719138101,24.53391854757125,24.23804955940612,25.482165156530296,25.830662651081017,24.483737333207774,24.50247843278613,high1
Q08024,27.07428832271785,27.212895898983657,27.39476594915767,27.475837559804987,27.55471846954463,27.287800431979573,27.057860047090934,23.21062352003073,27.130455560281106,23.135900088542478,27.713321691488517,27.10938672444405,27.227316723619726,27.439452153776397,25.799646375800922,25.98620283482502,high1
Q08093,23.20377586982979,23.093408499902445,23.136748459604178,23.03470788276533,24.13941015665886,23.208794764687234,23.014544143829458,24.11777078328746,23.188398484727585,30.598946266743724,30.60080798057682,30.323134392689795,23.144644276445472,23.460970934703806,23.44023780394817,30.507629546670113,high3
Q14BV6,23.221661965085225,23.0260612213846,28.015260628626894,23.277137476773653,23.762787467389586,23.29304566184033,27.32508773731269,27.707804184151765,27.875958531594268,27.874845273105606,24.57719020418327,28.016164389713847,24.754327938365574,23.444323535334522,27.636283484352905,26.822733289000908,high3
Q3KNM2,26.801933288907577,26.89388622426648,23.267576000282723,22.929732267969072,23.14325880477891,26.50212257670774,26.604135345053038,26.7307854219381,26.381047407535267,23.95033032975806,26.70569671361776,24.05832091453376,25.654465171152264,24.19170454981857,26.571989391508804,24.904782652636527,high1
Q3TCH7,26.20806523496453,25.565145088139502,25.86292069507369,23.157176136890108,25.845702516125158,26.462606861560484,26.180539760788335,25.836702817304683,26.155628143164737,25.658917276725102,23.467276630326836,22.457953148965927,25.878710339392573,25.155161838191916,26.057623573752583,23.861382352005958,high1
Q3TEW6,26.31006285238907,25.821796360445585,25.88776465073086,25.3807007030739,25.498231532286784,25.449033249505302,25.416157875068187,25.297995703030484,25.503124037351228,25.473362157518945,24.914927048390695,25.500543105380718,26.00654128785517,25.442655161621996,25.405759205149966,25.296277437096787,high1
Q3THE2,30.559740673245944,30.533246517225987,31.202681386026224,30.24263567157977,30.265841854631365,30.287800431979573,29.532113381726262,30.40415787824981,30.153759707780505,29.68028136644346,29.582674091403312,29.800745968007224,30.76522285883272,30.265425986063573,30.030010322585525,29.687900475284664,high1
Q3TJZ6,27.143748779368604,26.552858561863093,26.65116274149298,26.72494428058893,26.748552192579556,26.487384724385812,27.10069185080093,26.831590036361955,26.804151114157396,27.34155343409003,27.34874598123056,27.659965306830188,26.782590027574894,26.653627065851435,26.912144333773426,27.450088240716926,high3
Q3TLP5,27.345111880321934,27.061366742511318,26.733503215597526,23.021371104876042,22.947396605164844,26.762939157291715,26.19251632168501,26.69258783456466,26.305408152980682,26.414320067278553,23.647403321473348,23.240738152296796,27.046660612810257,24.243902289110867,26.396837436410113,24.434153847016233,high1
Q3TUU5,26.189578616862672,25.990296338907488,23.283424155351273,26.499798331671197,26.37688144478872,22.193243320393464,26.533903699453997,25.98791365182308,26.20454353348213,26.48494443347041,26.266637296705536,26.353094853193063,25.154433037040477,25.02330769895113,26.242120294919733,26.368225527789672,high3
Q3TWL2,26.31151870219528,26.375092343014853,26.164938988200095,25.984658178285173,26.275456025752554,26.244415229937125,26.170813839667957,25.895158289232047,23.2939750619301,26.33381322457825,26.259740821703407,22.877414927794526,26.28385001113674,26.16817647799162,25.119982396943367,25.156989658025395,high1
Q3TXS7,26.72806249875001,26.933821021055554,26.928296255052313,26.789051997610848,26.98261433097801,26.756081866658974,27.165284103034903,27.008704729656156,27.29245953709621,27.381047407535267,27.65382965096647,27.582117741886012,26.863393258285956,26.842582731749275,27.155482789929092,27.538998266795915,high3
Q3UDF0,25.981068652231357,26.231893671277707,26.216748818028144,22.670279288036856,22.888412781542012,24.583997087692826,25.709356473597722,26.24816689343286,26.167563620864577,25.797487383876387,23.57620704867061,25.885927755440598,26.14323704717907,23.38089638575723,26.04169566263172,25.086540729329197,high1
Q3UFB2,23.134202523342964,23.3630179825523,22.97669660862266,25.13821179330757,25.212339339454775,23.34739068450907,23.122950066160936,23.352325433851995,22.965058736495862,25.01856458077592,25.597813879465996,25.763876325903773,23.157972371505974,24.565980605757137,23.146778078836263,25.46008492871523,high3
Q3UKC1,22.423452890652587,23.509675200685106,22.412706005183253,22.568483711349504,22.356800461228946,23.60596650594819,23.49934152030874,22.399688055313593,23.136848807838312,25.543360632053453,26.16564830137439,25.702556144563008,22.781944698840316,22.843750226175548,23.01195946115355,25.80385502599695,high3
Q3UW53,26.447883195794844,26.787558266632654,26.8664388605162,25.88471738215642,26.14072946712615,26.056971707129193,26.39951641321413,26.205214996880617,26.05077947343879,26.229933624385414,26.031579051851356,26.08462399541656,26.700626774314568,26.027472852137254,26.218503627844512,26.11537889055111,high1
Q3V1U8,27.64691286468308,23.293344826190364,22.18777194996476,22.96581516923132,22.50985711149687,27.59270532676958,23.282481788173776,27.613439449285615,27.524623490994053,27.63941081980057,27.733050605384907,27.651504928596616,24.3760098802794,24.356125869165922,26.14018157615115,27.6746554512607,high3
Q3V209,26.509828029685075,25.672577056414188,25.760707766879253,25.459796050746256,25.59559622904432,24.453824826425382,25.782692932210928,22.174203589358953,24.018453030376527,26.13698063301401,22.727997010652704,26.3703936824998,25.981037617659506,25.169739035405325,23.991783183982136,25.078457108722173,high1
Q3V3R4,25.132810340522425,24.735518838866682,24.718164931214982,24.776506526976146,24.902146171418853,24.91684128357762,24.940154058443476,22.323003439422134,24.812352033897707,24.787358985598996,23.582167202801955,23.107738150223305,24.8621647035347,24.86516466065754,24.025169843921105,23.825754779541416,high1
Q4FZG9,27.019243556011393,27.483622805589615,27.51012995927146,26.407285790142865,26.9172966797433,26.961021455111144,26.440234904666237,26.458498107550163,27.009879519331303,26.258573222044863,26.57773122648207,26.781817927610504,27.337665440290824,26.761867974999102,26.636204177182567,26.539374125379144,high1
Q5RJG1,24.92474473943441,25.01949808936436,25.218264933885585,23.184628907862148,22.48591818138719,25.369794874394355,24.90916905610524,24.706302926774036,22.337542254542765,23.734771301601096,23.659550197075706,23.327694343271066,25.054169254228118,23.68011398788123,23.98433807914068,23.57400528064929,high1
Q5SUC9,24.56950413852476,26.673979066319628,26.558781413873128,26.62254430766745,26.89249723663587,26.230080262088535,26.61329892476002,23.585039693634194,27.21918861343624,26.826507562415888,26.30525157751469,26.802549693548823,25.93408820623917,26.581707268797285,25.805842410610154,26.644769611159802,high3
Q5U4C1,23.33756410549945,22.561596360413102,22.350711903181587,23.25072442807134,24.077653507940365,24.284609505061784,23.986243426361597,24.350905199692097,23.30535600346385,25.450009288001933,24.987328208463694,25.156149135407617,22.74995745636471,23.870995813691163,23.880834876505844,25.197828877291084,high3
Q5XJY4,28.88559034959318,28.85299299822815,28.59031560675918,28.30968998790939,23.460993451633932,28.451204822167387,28.27874698577311,28.42001127462054,28.140534455630732,28.209367390334503,27.680499353200016,28.236581473652027,28.776299651526838,26.740629420570233,28.27976423867479,28.04214940572885,high1
Q5XKN4,26.527847792154354,23.595164183570468,23.31616320520088,26.12579354733855,23.400210225811666,26.252883388488833,26.490142345564802,23.126650505587243,22.76191447044932,26.421625193788486,26.267941230109702,26.404283774779895,24.479725060308567,25.25962905387968,24.12623577386712,26.364616732892696,high3
Q60605,29.92266519703233,30.16794159595833,30.712928282848832,30.05607765028374,29.652684851473232,29.972680104693325,29.116171212140575,29.50210739771409,29.40890185598734,29.234207493111725,28.955572358414933,29.19509599956222,30.26784502527983,29.8938142021501,29.342393488614004,29.12829195036296,high1
Q60673,25.30061621278009,23.13789392994486,22.77404822057173,25.315791102254337,25.634558492636124,25.291230291658053,23.91310958635905,22.945743455506992,25.195767180978393,25.472959503168692,22.516006956037074,25.876848520283893,23.737519454432228,25.41385996218284,24.018206740948145,24.621938326496558,high3
Q60710,25.752079441088096,22.441864856529968,25.695962499188152,25.506366424571254,26.213804484725358,23.29090165612371,25.881546981191406,25.76509120574895,25.684183373459835,25.36442778596578,25.61938513038754,26.056268911336367,24.62996893226874,25.003690855140107,25.776940520133394,25.68002727589656,high3
Q60770,24.86225860463486,24.228025976695417,24.06241709119313,23.74303959985401,23.3162500578536,23.903158104854235,23.784066868114063,23.973775129444864,24.040427525301823,23.308963902456757,22.298842116882216,23.336985727352992,24.384233890841134,23.654149254187285,23.93275650762025,22.98159724889732,high1
Q60961,28.856202951435698,29.124453137306475,28.778500594442455,22.601330363127754,28.508279648015392,23.92483624252518,28.451283441008357,28.381006137563414,23.570071387697745,22.643810748191253,24.41440917900958,23.137616302640833,28.919718894394876,25.01148208455611,26.80078698875651,23.39861207661389,high1
Q60996,25.97414724860751,25.3656963535122,25.535105902101783,23.468393875049355,25.52046306216742,25.487568729875623,25.945030829130737,23.174038196634406,25.672226340948068,25.518603454996533,22.37523944524802,23.453677980125967,25.62498316807383,24.825475222364133,24.930431788904404,23.78250696012351,high1
Q61039,29.23888324098356,27.97415819183588,27.999648166589928,27.920026042135575,27.471657851306695,28.01387730977688,28.07357348530905,28.777372215540055,28.180966502459665,27.5003607473657,27.415384346588432,27.575713269257022,28.40422986646979,27.801853734406382,28.343970734436258,27.49715278773705,high1
Q61187,23.185165946975175,23.957225569293797,26.34402833101658,22.460373530706118,26.75136446450494,25.839348552674863,26.719471128715604,26.552081670238653,25.919548776307476,26.864669044255542,26.164401978753368,26.76736635172038,24.49547328242852,25.017028849295304,26.39703385842058,26.5988124582431,high3
Q61188,24.63953502410015,24.57010584853936,25.340993450828186,24.970312010897356,23.64828800471935,25.09538929581459,22.946950889407997,24.67109267717821,24.632728441692986,25.118663260588974,24.20217226080679,23.299981950556486,24.850211441155903,24.571329770477103,24.0835906694264,24.206939157317418,high1
Q61235,28.051702745182414,27.505518653111046,27.945477414814814,23.242147880729544,27.50877077824682,27.78699771854919,27.98353876951231,27.73272722541787,27.75557262025733,27.047704559530448,27.447662532741358,23.67121178576086,27.83423293770276,26.179305459175183,27.8239462050625,26.055526292677555,high1
Q61263,26.20650109552746,25.934923439950722,26.382317944861672,25.01814005892702,25.06615917286476,25.50775811137717,25.685547421856985,25.630064889637243,23.16426490806643,25.203293032834743,24.77424576086171,25.556078929979172,26.17458082677995,25.197352447722988,24.82662573985355,25.177872574558545,high1
Q61292,25.277426181375542,25.321926719025498,25.199141820049054,24.56517414807527,24.5249821027386,24.30639940317585,24.73226143088573,22.46648750239005,24.292283994717106,22.625931794869558,23.991838483049097,23.332513405271136,25.266164906816698,24.465518551329907,23.830344309330965,23.316761227729927,high1
Q61500,26.54395055867977,26.725074340993874,26.338309303044745,24.940288502339595,22.783683631430655,23.231184864614775,25.43039384705968,25.633755110037747,25.290492241340278,23.758846885645838,23.954347640696415,23.469403713934444,26.535778067572796,23.651718999461675,25.451547066145903,23.727532746758897,high1
Q61586,34.61932696674915,34.41393538308415,34.539534546117046,23.57718365338711,34.036249217421584,34.65746732456498,34.31236781097898,34.64124476492283,34.20448989619118,34.26017337952052,22.81003858133618,34.431601257379725,34.52426563198345,30.756966731791227,34.38603415736433,30.50060440607881,high1
Q61749,24.431605740305862,23.85481419182296,24.42847825630172,24.421753587420117,24.201723708090704,22.61521572503352,23.379558257733507,24.70382375148993,25.146276242521818,25.252053247341866,25.024325710244028,24.971452689434553,24.238299396143514,23.746231006848117,24.409886083915087,25.082610549006816,high3
Q61879,27.738987895972798,27.95432474797061,27.995341128899405,26.79104123617611,27.61806909650739,27.352455144299704,27.049575220413203,27.465209781102452,27.19385137574483,26.841341673465813,27.1872581245448,27.242999025073917,27.896217924280936,27.2538551589944,27.236212125753497,27.090532941028176,high1
Q61990,30.563927677565307,30.371918688524737,30.389872641955748,30.78019150975351,30.432709112590043,30.400599808135635,30.734811753312012,30.512204016408365,30.52757191871842,31.06541718246221,31.13742289681202,31.308996030025273,30.441906336015265,30.537833476826396,30.5915292294796,31.170612036433166,high3
Q62165,27.381707566577106,27.416995396494414,27.11495583057305,27.36294080723393,22.710868181701354,27.00635227650377,26.962456368624604,27.04416445733626,23.589103981664895,23.236331310340315,23.946185455223407,23.417202795983027,27.304552931214857,25.693387088479682,25.865241602541918,23.533239853848915,high1
Q62241,23.175416515141332,29.40196307757836,29.203124972526524,29.78314585110661,29.637270066169968,24.19803231422749,23.270395699774994,23.11714420043391,29.855193180692496,29.40965054588125,28.644198738545196,28.715352595543788,27.260168188415406,27.87281607716802,25.41424436030047,28.923067293323413,high3
Q62283,25.3677637299242,25.825901311601868,25.46849179882646,22.730068738904635,25.499022750477877,25.5993755605492,25.817167336314675,23.295710241726223,23.786384928840555,23.294040578461832,23.18754942316449,23.751811750109916,25.554052280117507,24.609489016643902,24.299754168960487,23.41113391724541,high1
Q64373,24.952781764411135,25.27390996675572,23.450738189284923,25.413190427595538,24.895227642346285,24.346032591826454,25.214416067116918,25.285456405609082,22.581745519344608,25.536825832263176,25.64661078423104,25.408209477993694,24.55914330681726,24.884816887256093,24.3605393306902,25.530548698162637,high3
Q6A0D4,25.98202673276945,26.081904838323215,25.897999036630473,26.037204746777515,26.02810452864277,26.10189426373973,25.523487298699855,23.447650828910497,25.82895422534463,26.227622112400073,23.848641110880493,24.364447992973034,25.987310202574378,26.05573451305334,24.93336411765166,24.813570405417863,high1
Q6GU68,27.46575470841427,27.290878886214617,27.43769760028546,27.20927441820359,26.788056348819854,26.94134121295696,26.945923862301242,26.567221399653082,26.79624997489677,26.67492196026909,25.86521201875841,26.30514718442928,27.398110398304784,26.97955732666013,26.769798412283695,26.281760387818924,high1
Q6NSQ9,26.353027528770966,26.743168039207834,26.435680433333005,23.73554318409376,26.636855359596648,26.700414529077563,26.60215400958639,26.64691286468308,22.44097697363221,23.497266103451917,26.529635961744816,26.689125258263626,26.5106253337706,25.690937690922656,25.230014615967225,25.572009107820122,high1
Q6NSU3,25.01034916747471,25.26234206689396,25.65452633783487,23.66041919749699,24.61335513621279,23.328991802611228,24.815482586513383,23.62730466037639,25.433007714483047,23.083146017173558,22.624343692162928,23.137675562102945,25.309072524067847,23.867588712107004,24.62526498712427,22.948388423813142,high1
Q6P073,23.128410829815408,27.53734437429778,27.408112275538432,23.588345926794297,23.09786586285621,27.394029942828865,27.605266316235614,27.425824155869154,27.094564041741872,27.661800926695836,27.52320311075771,27.752768547380626,26.02462249321721,24.69341391082646,27.375218171282214,27.645924194944723,high3
Q6PAQ4,25.524653378711,25.473424094368692,25.4024958267993,25.180331085577095,25.24081753014079,25.293933250419155,25.35353238537338,22.879823306888742,25.26742337025446,25.194602975157967,21.966281117647657,23.779001644827222,25.46685776662633,25.23836062204568,24.50025968750553,23.64662857921095,high1
Q6PDI5,27.218542099851195,27.339346179860307,27.576650529005214,23.720711309805406,26.787309161039204,26.921842752642775,27.365028825430475,27.25087940684328,27.597899105673797,28.025012544363587,27.856677893225392,28.173789964422543,27.378179602905572,25.809954407829128,27.404602445982515,28.018493467337176,high3
Q6PGH0,24.046164431034537,24.701022965380446,24.92555987256979,24.892358264294096,24.465630171745293,25.003417029070633,24.455005068183763,24.48055997004739,22.595612333521572,24.416866578686314,23.091913377771867,24.357833324026274,24.557582422994926,24.787135155036676,23.843725790584244,23.955537760161487,high1
Q6PR54,25.496129654658187,24.94989117029468,25.391655809441005,22.30146792679252,23.33827119059204,22.960417926544284,25.359710960302504,25.241945047720147,24.176314634803468,22.988367803768536,25.12601026139769,25.26817331385486,25.279225544797956,22.86671901464295,24.925990214275373,24.460850459673694,high1
Q6R891,25.284997729526236,25.00363148286986,25.514545999315015,25.85007406926399,25.44546983083402,25.057715470878616,25.36766376375856,22.710311929529524,25.073982007197916,25.130691211337776,22.736836071713423,25.101493570766486,25.267725070570368,25.45108645699221,24.383985900162,24.32300695127256,high1
Q6Y7W8,24.004017419393865,24.048848029378096,23.69901150251365,24.108768820936135,23.13328222531344,22.645991169282517,24.006330872961854,23.707040581754224,24.303893877847756,24.61509660581924,24.776054657081975,25.193024163887102,23.917292317095203,23.29601407184403,24.00575511085461,24.86139180892944,high3
Q70FJ1,28.847985498327336,28.80676499924668,28.865878653567133,28.40750461177056,28.839360567674223,24.414303581395004,28.512543123877194,23.562239796337185,28.5455421567044,23.90115110793843,23.59516527043427,28.634156857258628,28.84020971704705,27.220389586946595,26.87344169230626,25.37682441187711,high1
Q76KJ5,23.912830655940382,25.87140632903182,23.45811068698777,26.29778585647871,25.99369028123197,25.958479260548692,24.32411721723039,24.26308768723286,23.11898970223722,26.9169551460962,23.560867467293495,26.42811081075781,24.414115890653324,26.083318466086457,23.902064868900155,25.635311141382502,high3
Q7M759,25.490234175553752,22.45389413667458,25.123525949032533,26.04608135575322,23.494234545826572,25.81051456448293,25.520373136339725,25.4737337387382,26.043538830682532,26.39967938172535,26.467668107658845,25.556429808385655,24.355884753753617,25.11694348868757,25.679215235253483,26.141259099256615,high3
Q7TMV3,25.866203010419078,23.23271843849496,25.09393975560133,25.039423794945318,25.199853235845172,25.303127431936137,25.0911977551454,21.952915744230893,25.27081286938091,25.312540385747802,25.708409512591693,25.11834641977382,24.730953734838454,25.18080148757554,24.1049754562524,25.379765439371102,high3
Q7TN29,24.198941255423254,22.871233541040294,23.071145519880908,22.748004960557427,21.610981456533676,22.954334960795812,24.806690821289457,23.714443286403885,23.639419648601695,26.52092758967025,26.354137980185005,26.30599950698653,23.380440105448155,22.437773792628974,24.05351791876501,26.39368835894726,high3
Q80U58,23.566489943939033,25.491243919841448,22.89166923989174,25.573345781016293,25.59642113824561,25.78026661556635,23.077617759026282,22.49887838072035,25.419280000643106,25.7197844402213,23.870335383256936,25.767517900623584,23.98313436789074,25.650011178276085,23.665258713463245,25.119212574700608,high3
Q80X32,25.090511439964207,24.61335513621279,26.29487984323094,23.278339565661767,23.672065729911104,26.190445485218877,24.536114385692883,23.699631224172553,24.997916129786677,24.084400974013594,24.515029246603092,23.106209033938388,25.33291547313598,24.38028359359725,24.411220579884034,23.901879751518354,high1
Q8BG32,29.887567122345036,30.004505052621173,29.96085579629242,29.832571189482984,29.986715406813996,29.617070770379883,30.16338974798158,29.94558903963911,30.298437155491268,30.57875713979909,30.70569671361776,30.738681948555495,29.95097599041954,29.81211912222562,30.135805314370653,30.674378600657448,high3
Q8BH79,26.232698899842482,26.515779470632193,26.16961020063008,22.81200438575921,25.796150936313573,25.604078773213924,25.42194615644546,25.552242946303984,26.127978897477526,23.97531793257899,23.04618065602746,26.00532454813982,26.306029523701582,24.737411365095568,25.700722666742326,24.342274378915423,high1
Q8BHI7,25.540939407716166,25.450009288001933,25.372487555759733,25.587750281350022,25.264133300320275,25.474693214156083,25.518003070027348,25.310045511991817,22.940353422325497,22.56151326020841,23.631424576753727,24.118140089034725,25.454478750492612,25.442192265275462,24.589467334781556,23.43702597533229,high1
Q8BJA3,24.387651876049386,23.130251826722994,24.75440067091284,24.90122561559328,24.112830173607804,24.409051625052093,22.62634666868048,24.39229701207115,23.118855909211895,24.438982668339616,23.82309235048884,22.217141221322542,24.090768124561738,24.474369138084388,23.37916652998784,23.493072080050336,high1
Q8BJS4,25.162770545980212,25.341298923188624,21.967024271562693,25.034268687709087,23.418384691006818,25.056103497853698,25.19046432439961,23.47345698234803,24.964771295261396,25.184006936818147,25.187862189156096,25.44379545583813,24.15703124691051,24.502918958856537,24.542897534003014,25.271888193937457,high3
Q8BJU0,26.72533442663382,26.96675256594251,27.194790813845934,27.268209015732907,27.154894575943192,27.02749298932271,26.936407000467526,27.100591604472093,27.183666272361616,29.138436415564744,28.86242415573274,29.0518323708724,26.962292602140753,27.150198860332935,27.07355495910041,29.017564314056628,high3
Q8BMB3,25.34418075432078,25.454063791291958,25.190539678662557,25.673251269697147,25.32930309051961,25.879818978766927,25.639645418945893,25.320240302167715,25.998777029108613,26.43960099680043,26.329970248568088,26.401698663319554,25.329594741425097,25.627457779661228,25.652887583407406,26.390423302896025,high3
Q8BQZ5,25.631786317306986,25.473083408784852,25.476146686663014,25.2854211280103,24.02182367313228,21.90124238664868,25.304346586386213,25.349657295638583,25.266994655960513,25.250030034491758,22.81881565019024,23.74204856978977,25.527005470918283,23.736162395930418,25.306999512661772,23.93696475149059,high1
Q8BTX9,25.53258160461496,26.054324104085932,27.19544805672517,25.649847988274786,23.905190090323813,26.038000647141104,25.637905718143134,25.775401706158455,25.779089508384043,25.149729756419333,25.88920462851409,25.68522658530098,26.260784588475357,25.197679575246568,25.73079897756188,25.57472032341147,high1
Q8BUY5,25.485236257807237,25.474971652056865,25.60763847374609,25.351545596066853,25.548190924353385,23.104443641592717,25.548426135186144,25.529576391786268,24.997227040256163,23.135732270836712,23.774065556437655,24.41377149562013,25.522615461203397,24.668060054004314,25.35840985574286,23.7745231076315,high1
Q8BV13,27.319758106480258,27.467077247032872,23.229372650535847,27.523801336046287,27.37923041102193,23.167121145002284,27.59106504947578,27.134475987465915,27.356406699374922,27.310513629577073,27.407788220047202,27.34528111141197,26.005402668016327,26.02338429735683,27.360649245438868,27.354527653678748,high3
Q8BW10,25.139890730607387,25.34644826520289,25.566655429162996,24.87417690543584,25.456353161654118,25.163692052398442,23.280795322859166,25.574905295375096,25.39414445736638,23.901989044869897,25.97276773726584,23.338341828383836,25.350998141657758,25.164740706496133,24.749948358533548,24.404366203506523,high1
Q8BXC6,23.577610096183502,30.212803153971194,30.52523979988126,30.93332859765139,30.23008942645012,23.849265976122087,30.766513592386378,30.61719340905053,30.98277751023894,31.220376980665353,30.835826852124693,31.362282455116112,28.10521768334532,28.337561333407866,30.788828170558617,31.139495429302055,high3
Q8BXL7,23.088980873004267,24.889761653633325,25.040009389182938,25.192158844055168,25.26323796160393,24.364406900219556,23.257850389448027,25.115729824588335,25.35803461626773,25.54919030566123,25.29484479531128,25.361920756104563,24.339583971940176,24.939934568626217,24.577204943434698,25.40198528569236,high3
Q8BXN9,25.41409421009209,25.54836733607296,25.425343977784877,23.498344628781407,25.320171426935996,25.301104847853644,23.65105062386101,25.394569717514155,22.60851465030276,23.12493958661653,23.018829101878513,23.778156980888948,25.462601841316644,24.706540301190348,23.88471166389264,23.307308556461333,high1
Q8BY87,24.249523787636612,23.93921260020219,22.51165420561792,24.29705115308455,23.084759212729345,22.62654924716002,24.284821276811286,23.970835627801563,24.32161711674078,24.40944014256994,24.921978913752866,24.519593544279537,23.56679686448557,23.336119870991308,24.192424673784544,24.617004200200782,high3
Q8BYB9,23.91517737301238,31.09572127708878,30.99509847562478,23.182295494168986,31.290494438478888,31.477353579136558,31.318724286987155,23.738455668416158,31.194896462361392,30.97445909809224,31.245868571221706,31.25529890684552,28.668665708575315,28.65004783726148,28.750692139254898,31.158542192053158,high3
Q8BYI8,24.23177145637737,23.143445895453603,22.581244571005172,23.57262346953065,24.65157335627898,22.82804651176754,24.91163958160933,24.29284565516155,23.93344320455395,24.4379039229046,24.906281419120294,24.423165163734623,23.31882064094538,23.68408111252572,24.37930948044161,24.58911683525317,high3
Q8C080,26.834003983283193,26.571741188193144,26.551905712148706,23.430208304686722,27.159713844991956,26.877714560992175,26.423469754687066,26.873848471029937,26.607807764410552,22.699515172417343,23.48300180400981,23.162522335158805,26.652550294541683,25.82254557022362,26.635041996709187,23.115013103861987,high1
Q8C1Q6,26.096696658774572,26.12147217782153,26.124551739298166,26.379742705301314,27.146567588160632,24.012251704594114,26.110522179394106,23.44977232860342,25.671794574070162,26.24733403314165,23.816260821133962,24.464859687603617,26.114240191964758,25.84618733268535,25.077363027355897,24.84281818062641,high1
Q8C2E4,24.742371530825686,22.952051600469837,23.124263590789706,21.969336296889736,24.30848402213149,24.382054029185294,24.48320762605856,24.49148859994225,24.465567899379213,24.543685121549057,24.10165386131061,24.638264875845305,23.606228907361743,23.553291449402177,24.48008804179334,24.42786795290166,high3
Q8C796,25.462731659470716,24.880543123603946,25.44021906036375,24.82483369101766,22.5505929772802,24.537418436519154,24.947396159565365,24.68880521647412,24.945164819351803,23.220372018324355,24.279657152230985,23.69239723495043,25.26116461447947,23.970948368272342,24.86045539846376,23.730808801835256,high1
Q8C878,22.63881134170373,25.63236891614878,25.38241690079478,23.886543867462997,25.82026311883372,25.649107912715337,25.47772220414993,25.71832173737142,26.175332841871857,25.929606071565356,25.99718396123017,26.094423097514685,24.551199052882428,25.118638299670682,25.790458927797733,26.007071043436735,high3
Q8CCI5,27.1533490036056,26.24709857241445,26.657582318184325,27.810784206489846,26.39157387304792,26.01288689027661,26.385695099380783,26.472029871690626,23.168657947777223,22.187755405393442,23.218900114356924,21.784894696917444,26.686009964734794,26.738414989938125,25.34212763961621,22.397183405555936,high1
Q8CCP0,23.850145623827792,23.483853847243708,22.740440180976023,22.73889638785825,23.852147712096144,24.039423794945318,23.73143900117009,24.000341368926343,26.501439363838784,24.18268167849546,24.498931478213848,26.855074337655985,23.358146550682505,23.543489298299903,24.744406577978406,25.178895831455094,high3
Q8CFD4,22.94599158896919,23.666779685349102,23.291662477561186,23.596117398200587,24.464134892591687,23.937540432383578,23.658162140057666,23.54001393808045,23.062688681450712,25.524772923387463,24.453247520927373,24.67653691757305,23.30147791729316,23.999264241058615,23.420288253196276,24.884852453962626,high3
Q8CFV4,27.003567150077227,26.79847654746734,26.843260151196514,26.736086839212245,23.10391699070277,26.730267165968133,26.71253476690125,23.883863582421732,27.38599125282406,26.68150501932403,26.499372574006824,23.23441858298115,26.88176794958036,25.523423665294384,25.994129867382345,25.471765392104004,high1
Q8CH72,24.72088049496927,24.691363565081687,25.23604310523094,24.89388622426648,24.674975821314842,25.141801559420024,25.151782422828273,25.152556255571845,24.76233093846277,25.937215572740836,25.60619870047827,25.525101620180546,24.882762388427295,24.90355453500045,25.02222320562096,25.689505297799883,high3
Q8K072,25.272237647948568,25.499296532628975,25.34877974388349,25.381955048358464,24.24048486341196,23.386566238519,25.32916619944437,25.11941547876375,23.990782186390998,25.55727741238864,22.637176367245914,23.330739653155785,25.373437974820348,24.33633538342981,24.813121288199707,23.84173114426345,high1
Q8K1C0,24.974212906732667,25.022464331755188,24.968423522621542,25.01231149581418,25.072592560545175,23.67588958847252,24.96380168286773,22.531075907263336,25.110283210499617,24.858990998064044,23.791914714330765,24.000605009673976,24.9883669203698,24.58693121494396,24.201720266876894,24.217170240689597,high1
Q8K2A8,24.64872402031818,25.463979045183503,25.17092841960164,23.396192972409203,24.973030603049907,23.065668617020393,24.738305060976842,24.93395605639324,24.30075583968955,24.04834917216673,24.026564791469116,23.301897403452248,25.094543828367776,23.811630730826504,24.657672319019877,23.79227045569603,high1
Q8K2I1,24.019413587247612,24.945075493920477,25.214416067116918,22.94519372536691,24.968115860194864,23.315535259492357,25.075125253455308,25.608287313442606,25.41596453182684,25.564185781730817,22.06185679772506,23.542008456702334,24.726301716095005,23.742948281684715,25.366459032908253,23.722683678719402,high1
Q8K2J7,25.792481720937825,25.10733266824946,24.729567224962622,23.975779245442496,25.162655316280794,24.95912075821235,24.84239715191067,24.643393826326633,23.07327296140085,24.9603145115513,22.850441711260476,24.315411077456588,25.2097938713833,24.699185106645213,24.18635464654605,24.04205576675612,high1
Q8K2T1,23.17503339354161,23.228333894085722,23.934596349843567,23.047841577541647,25.29245953709621,24.999422366635986,25.072469898041092,25.139968773182375,25.747912274609032,25.155917606526888,25.68872519493226,25.503700320710834,23.445987879156963,24.446574493757947,25.320116981944167,25.449447707389993,high3
Q8R164,25.389294176434927,26.141450780545444,25.592063701212687,23.63232989014866,25.69535192450514,25.790941839363168,22.91775287957436,26.081701710501175,25.887509020613653,22.78275607437286,25.948443698475767,25.84857060303289,25.707602886064354,25.039541218005656,24.96232120356306,24.85992345862717,high1
Q8R1N4,26.071856429034575,26.18302257549661,26.067062396881163,26.466626164219015,24.118417004286904,24.231420380949743,25.816752435644524,26.000905548366095,26.55026240093154,25.691869367549838,23.853315296888304,25.970092546205677,26.10731380047078,24.938821183151887,26.122640128314057,25.171759070214605,high1
Q8R2L5,23.28575116736262,28.540377811999697,28.391450959732328,28.732953599005555,28.811029291862198,23.823750201721584,23.880386320702684,28.239088170873945,28.401861385521496,28.571849662863873,28.693219523785736,28.395542437591267,26.73919331303155,27.122577697529778,26.84044529236604,28.553537208080296,high3
Q8R317,26.087277330859937,26.372371309159274,26.90540940885732,27.11227340951973,26.313319149831035,26.780817272088584,25.997808481241204,26.413416426304444,26.80501268183955,28.444822425657353,28.25871697762288,28.351865687686445,26.455019349625513,26.735469943813115,26.40541252979507,28.35180169698889,high3
Q8R3L2,25.033302676932212,21.896872890219623,23.668108137079162,23.60952050103319,25.21667482038543,25.240490021207272,23.540995975840907,25.067800977976248,25.217710442158477,25.24249030455452,25.304938375594148,25.400575379622776,23.532761234743663,24.688895114208634,24.608835798658543,25.31600135325715,high3
Q8R3Q0,28.637581017888103,28.802149060491008,28.764996330092707,28.859968504006428,28.98888344710688,29.008250577316076,28.90910609393912,28.818210162472457,28.876778277976662,30.035511999215732,30.342973628701454,30.236262126795182,28.73490880282394,28.95236750947646,28.868031511462746,30.204915918237457,high3
Q8R570,23.893258639064634,24.86325162638398,23.095533830301775,25.144915851057615,25.276113043278883,25.245394865714573,22.4654357701761,25.181582684334543,24.993215177703995,25.55640057177764,25.798525987848453,25.674868097212432,23.95068136525013,25.222141253350358,24.21341121073821,25.67659821894618,high3
Q8R574,23.157974818332832,23.837545556131204,24.350742580998155,23.74281105660529,23.141567547962936,22.39953283831565,25.93514831993386,25.82687119065748,26.06200528088551,26.045289902081556,23.0867126686751,26.234947498373238,23.78208765182073,23.09463714762796,25.941341597158953,25.122316689709965,high3
Q8VC04,23.487948420681207,23.075923681202116,22.61944278423872,25.936901181814797,23.7747867061385,23.902545032621884,23.39664982822183,26.213915700809356,23.773234126766333,26.121432653554283,26.064536054737033,26.28926131781251,23.061104962040684,24.538077640191727,24.461266551932507,26.15841000870127,high3
Q8VCD6,25.566336065780636,23.130177319911983,22.767818093000244,25.202247006035982,25.686242323055385,23.12649882251672,23.886324140366696,25.56476725569818,26.0601712982408,25.176075120720093,25.64055585424597,26.18593585076501,23.82144382623095,24.671662717202697,25.17042089810189,25.667522275243687,high3
Q8VCH6,25.780917368879084,25.53934272096096,25.164152584975525,23.778872848153824,25.272130838350588,25.714029556810768,23.133961383502402,24.98797868642272,25.398978486477063,24.604333329022417,23.116379687421787,25.221624289780223,25.494804224938523,24.921677747771728,24.506972852134066,24.314112435408145,high1
Q8VCM4,24.482099896160005,24.978932456116848,24.43383551383626,24.476733845273586,24.55145105439449,22.701623673555687,24.573808035118578,24.820506599340074,24.526415658977175,23.15882640081551,24.19825477409126,24.74381006451365,24.631622622037707,23.90993619107459,24.640243431145276,24.03363041314014,high1
Q8VCN5,24.87712945531806,25.030821687428457,25.298974583557168,24.56616183776993,24.701816192518194,24.8550030271347,24.405030805559452,22.691546487766278,25.45967099862657,24.375838071737657,24.669255330734035,24.351714074193062,25.068975242101228,24.707660352474274,24.185416097317432,24.46560249222158,high1
Q8VDD5,28.942907657237768,29.169495515950437,29.125167849112234,28.113317165989855,28.758593639245934,28.595091094926644,28.553510534722026,28.727413425521405,28.507032181408583,28.11147765933911,28.559540120411977,28.39362088812061,29.079190340766814,28.489000633387477,28.595985380550673,28.35487955595723,high1
Q8VDM4,27.884193348032284,27.94837685701073,28.110830788976934,27.88779950587405,27.912336510911803,27.965542112765228,28.288636662140018,28.18739972488264,28.378238356631186,28.595091094926644,28.801717485048208,28.861655364932165,27.98113366467332,27.921892709850358,28.284758247884614,28.752821314969008,high3
Q8VDT9,26.22048077209037,26.29895710937076,26.054510422565826,26.319689208223796,25.996322110467727,21.983815527436708,26.2182094943021,26.3206706978848,23.08753108931786,23.103495808694582,23.726079148403645,26.516425869696455,26.19131610134232,24.766608948709408,25.208803760501585,24.448666942264897,high1
Q8VE10,27.83177122255257,24.90401009914071,27.731756650375623,28.065738159401015,27.61673784142753,27.469097610988133,27.305216780658863,24.218710476905017,23.3659324957473,27.377328373777555,22.873808299283098,23.031756491744858,26.8225126573563,27.717191203938892,24.96328658443706,24.427631054935173,high1
Q8VEA4,27.308345141207155,27.384427534037986,27.866497817016523,27.79705441144988,26.64402678647757,27.84343987775542,26.584485227255282,27.16643388993847,26.754681006289406,26.538558514865286,26.720123784253037,26.20892106945413,27.519756830753888,27.42817369189429,26.835200041161055,26.489201122857484,high1
Q91VC9,26.19674288778551,26.2124877763241,26.11392319219772,24.79079273130238,25.07120177443871,24.759235188528297,25.298135583776286,25.028378582833767,24.695670517448846,25.089743995254377,24.863676997985877,25.004574701057976,26.17438461876911,24.87374323142313,25.0073948946863,24.985998564766078,high1
Q91VE0,25.58391164806439,25.31665442287186,25.21322973167018,23.222715868328848,25.362990955080534,25.323645522889795,25.468616088728833,25.344316228184383,25.41628675616894,25.11394305759998,22.480241261625455,25.458576329961378,25.371265267535478,24.636450782099725,25.409739691027386,24.350920216395604,high1
Q91VR8,26.043142460098135,25.590379859963342,26.436300178424123,26.408954479322354,25.68429040426953,26.18797542311842,25.875396150464137,23.509155807345866,26.041952694525143,25.57770241838612,24.35816279845816,25.7504958020258,26.023274166161865,26.093740102236765,25.14216821744505,25.228787006290023,high1
Q91VU7,23.999916253225713,21.964709846113767,23.76825844881911,23.816927492550676,24.464688953363844,24.21758329801187,23.93911431615594,23.375546370480453,23.045463521488543,25.008640622697943,25.337254664056402,24.578537619706736,23.244294849386197,24.16639991464213,23.45337473604165,24.97481096882036,high3
Q91VZ6,22.54377313754814,23.874682778267044,23.564179578100386,23.741638670768793,23.564010190977765,23.221808041461998,22.925149557265865,23.29499639817525,23.954358446263452,26.445911794307335,26.318448476626255,26.32837882359424,23.327545164638526,23.50915230106952,23.391501467234857,26.36424636484261,high3
Q91W43,25.796844063662952,25.5811265493525,25.560750306678447,24.734537220329756,24.176075120720093,24.582218259613363,25.105775221166045,25.13390792402132,25.05005288930747,24.295580622882788,24.79039503444837,24.671794574070162,25.646240306564632,24.49761020022107,25.096578678164946,24.585923410467107,high1
Q91W59,26.399353426291718,23.084646681090632,24.11541678480882,26.63228570214565,26.667361497309482,24.279725532887543,26.663837768825623,23.244227770074303,26.402560881927077,27.11018362844326,26.77868857181998,26.66302337702252,24.533138964063724,25.85979091078089,25.436875473609003,26.850631859095255,high3
Q91WK2,26.49066263823345,26.531555775318484,26.128726275400442,26.44479083748427,26.59291913855817,25.999400860035195,26.841941471853403,26.332157730066477,26.678687385704983,27.109585991715207,27.143359545576715,26.82238002414185,26.38364822965079,26.345703612025876,26.617595529208288,27.025108520477925,high3
Q91WK5,28.611294961592694,28.323714232469314,29.11837612655637,29.33766725578938,28.29254730027663,28.884862913416658,28.614457842955012,27.28224260643866,28.222647154290183,27.72780290449994,22.283138306894287,23.676537400464856,28.684461773539457,28.83835915649422,28.039782534561287,24.562492870619693,high1
Q91X20,25.344248492842762,22.731365979740332,25.69232177738716,25.753457324677235,23.244007219570083,25.43793566222724,25.675998799312097,23.8025324792424,25.167793288422644,25.61781695301134,25.644384423761547,25.523547120607724,24.58931208332342,24.81180006882485,24.88210818899238,25.59524949912687,high3
Q91XI1,22.92950622595976,24.544746577175765,24.215934635134523,22.190524639298715,24.541028060743564,24.169973308649254,24.82357093816602,25.312055609183805,24.42572813303702,24.961242303950595,24.564185781730817,25.420051443768706,23.896729146090014,23.63384200289718,24.85378489346228,24.98182650981671,high3
Q91XU0,26.12543885409864,26.355734858142274,26.42082247460589,26.145518468393856,26.444301132338538,26.341926635546614,26.378238356631186,26.39702069673315,26.156226303444914,26.853171516454065,27.162885766476837,26.766355618661514,26.300665395615606,26.31058207875967,26.310495118936416,26.92747096719747,high3
Q91YL2,25.95971775835274,25.495855270807144,26.715156181342643,26.11157715211808,21.78818406407224,26.161098813871323,23.58858894137898,25.25364092650263,25.690724403124445,22.86934685174753,22.952137246703096,26.09758097099037,26.05690973683417,24.68695334335388,24.844318090335353,23.973021689813663,high1
Q91YT7,25.266601555911024,25.319172366393754,25.90138675527075,26.226667074401476,26.157094159564338,25.88853126942527,26.16029107694453,25.540289119004544,25.69237499274804,26.277550335285813,26.659216791592787,26.328926608803464,25.49572022585851,26.09076416779703,25.797651729565704,26.42189791189402,high3
Q91YX5,26.504261217616694,26.8365342880082,26.273678804096996,22.95728563995676,23.080102110237096,26.926600761801712,26.39559963600022,27.17940116549802,27.173599371246905,22.11933205440655,26.251114251362512,23.635403258154632,26.53815810324063,24.321329503998523,26.916200057581715,24.001949854641236,high1
Q91ZR1,25.33220895940586,25.662806128211223,25.02221032124202,23.235836470606525,25.499752720788,25.388965865885552,25.338989306376003,25.866603932646072,26.12378246498465,23.320755968702713,25.52276924225655,23.69045334399101,25.339075136286368,24.70818501909336,25.776458568002244,24.17799285165009,high1
Q923D4,27.89654471846429,28.05842788484582,28.67175408929961,28.564963450277972,27.3765834151926,28.25723380995539,27.682443008981018,27.758561871968062,27.205364168538438,27.48285386034122,27.346972331394504,27.710237115450656,28.208908897536574,28.06626022514199,27.548789683162507,27.51335443572879,high1
Q923D5,26.052915586202616,25.094704972200844,25.389852132960147,25.423197228968625,25.16691269749684,25.716360434368234,25.42415885474247,25.134926361550054,22.80089215646639,24.95947456589406,23.722383841606476,23.07617736357999,25.5124908971212,25.4354901202779,24.45332579091964,23.919345257026844,high1
Q923K4,23.09500916674425,23.551227977108532,23.47253855186718,24.980153526897222,23.676326366534703,22.99492588965213,23.72170145066804,24.24343492850383,24.593831046329782,24.61790100573987,24.715234750232003,24.48160729861672,23.372925231906652,23.88380192769468,24.186322475167216,24.60491435152953,high3
Q924Z4,27.37923041102193,27.428062876177886,22.478293228953905,22.522484792642373,27.091742537654397,27.155763233294607,27.57210273871527,23.121261068484692,26.775803557082924,26.37265360608517,27.06013005835168,26.737505862481274,25.761862172051238,25.589996854530458,25.823055788094294,26.723429842306043,high3
Q99J25,23.407234180455337,27.122973298176937,27.25223375344669,23.10475129634521,27.947039376963556,27.300249627835697,27.14004681153588,22.380217550759234,27.367946983239417,27.128096930261115,27.02854720569471,27.65205225920152,25.92748041069299,26.11734676704815,25.629403781844843,27.269565465052448,high3
Q99JI4,26.534645918180953,26.82784041813155,26.612314869639164,26.770016161872633,26.79847654746734,26.56441839944188,26.939997191394756,27.02400859956226,27.381047407535267,27.414981302853196,27.809558154711382,27.62435840429682,26.658267068650556,26.71097036959395,27.11501773283076,27.61629928728713,high3
Q99KN9,27.952770657828992,27.940389327040332,27.852278704345064,28.039099524467353,28.313587293487537,27.877012405702086,28.286919665748986,27.986851004825365,27.99674232703208,28.608583425879896,28.85907988961405,28.837256417851034,27.91514622973813,28.07656640788566,28.090170999202144,28.76830657778166,high3
Q99KS2,25.12392057006973,25.414610403144117,25.436570240426388,25.496190621761155,25.834076339324145,25.54857312248552,24.89541256768665,23.75363438790612,25.48842711199072,25.395223719221175,25.585774947268465,22.974123023341797,25.325033737880077,25.62628002785694,24.71249135586116,24.65170722994381,high1
Q99KX1,28.69697070894586,28.604665598188966,28.89379945170668,28.613052973899443,28.86061980687597,28.87996500496632,28.21080769273478,28.64595147997558,28.432768837913102,29.326181313564827,29.607737229047842,29.669356715972196,28.731811919613836,28.78454592858058,28.42984267020782,29.534425086194958,high3
Q99L47,29.861182059193776,29.832706988877188,30.050898805842934,30.418101950636437,30.028942338314398,29.93803491278927,29.93325823772839,29.93635083278377,30.03616732288854,31.291647474480918,31.30122043819468,31.233407677997096,29.914929284637964,30.128359733913367,29.968592131133565,31.275425196890897,high3
Q99LD9,26.306694907393265,26.646638248704164,26.48615742100181,26.756336422467466,22.639365353982935,26.559073271301244,27.408112275538432,26.77831259256904,27.287800431979573,27.2669589240181,27.328344580111704,27.429899229725052,26.47983019236641,25.318258349250545,27.158075100029013,27.341734244618284,high3
Q99M07,25.657691340706926,25.82272038561713,25.672037458838698,26.24221770189685,23.33203318069795,23.413983503198832,23.00038054273386,23.7577150717523,25.480683224643013,23.640431912579224,22.08068778635477,25.14825623360467,25.717483061720916,24.329411461931212,24.079592946376394,23.62312531084622,high1
Q99NB8,24.500561930151036,23.09887000471791,25.24401592827645,25.792456897174915,24.872956629132137,25.284009316236823,23.143696559645143,25.8045450375131,21.965055544955582,26.144176815283593,26.264527073394433,26.69922336756152,24.281149287715134,25.316474280847956,23.637765714037943,26.36930908541318,high3
Q99PN3,24.227288167593645,23.376591829419144,23.664823409313172,24.0010336744055,22.785417787190656,23.43518524802043,24.37205573544841,24.14856657402875,24.34692162363064,24.791587796271152,23.65622664621237,25.92804770736613,23.756234468775318,23.407212236538864,24.289181311035932,24.791954049949883,high3
Q9CQ39,22.717392746471788,23.519465530910264,23.948374504984784,22.064788579256692,23.543029215202992,22.198861827183045,23.720530630876038,23.543139422889098,23.201394378683663,25.400510234899524,25.355785257088705,25.46241964445136,23.39507759412228,22.602226540547576,23.488354810816265,25.406238378813196,high3
Q9CQ45,24.22898011584609,24.635278386539614,25.424543325652174,24.824785144032177,22.852355351223643,25.62508340471919,24.307233612252755,24.25789872964849,23.672180458057188,23.50283318763599,22.91341411519391,23.711410897097945,24.762933942679293,24.434074633325007,24.07910426665281,23.375886066642618,high1
Q9CQ91,27.442451391310442,27.789051997610848,23.386182236549566,27.813477858371364,28.019190522576686,27.26078188266691,27.799588546440564,27.514275096104964,22.61620067551047,23.983853788347464,28.35241304824202,28.348788184423267,26.205895208490286,27.69781675453832,25.976688106018667,26.895018340337586,high3
Q9CQI9,23.305828887853735,23.96358142395742,23.039145355782438,25.79543270318567,24.128037792174883,23.704816197600238,23.22356390366943,24.637435915426668,25.4460380447212,25.492038978490687,24.96485940953742,25.60354123007423,23.436185222531197,24.542762230986927,24.4356792879391,25.353479872700778,high3
Q9CQL5,28.368488277545133,28.273109630471875,28.170259908333847,28.33909127923697,23.98922658491034,28.097631199732334,27.916442693979594,28.27874698577311,27.95093689980264,24.143919415868474,28.429859333840177,28.215629198049957,28.27061927211695,26.808649687959882,28.048708859851782,26.929802649252867,high1
Q9CQU5,25.111835801236932,24.926465036222712,25.1926480016445,25.161810017148817,25.24085391543331,24.96009352062813,25.224828684019567,25.021066720163276,25.235604962325475,26.029305764768562,26.068682676804254,26.100090268316343,25.076982946368048,25.120919151070087,25.16050012216944,26.06602623662972,high3
Q9CR13,27.26981468650621,27.3840981140021,27.30730310790733,27.223614061817035,27.96113188375683,23.520181787047832,27.078366327103357,27.139851707736693,26.95015823713011,27.360682348091512,26.948154029758623,25.83893998314774,27.320405302805213,26.2349759108739,27.056125423990053,26.71592545366596,high1
Q9CR21,27.295177716176504,27.392556802768034,27.96240120602529,28.124157290890818,26.727413425521405,27.953159337338175,26.70345414783954,26.910221834232782,26.88215362615867,26.65894450791907,26.100190549485596,23.319013715395407,27.55004524165661,27.601576684583467,26.831943202743663,25.359382924266686,high1
Q9CR63,22.21430065874792,23.614116972175456,23.59870476755185,26.614984316354604,26.860886164235936,22.784757103226326,26.570713890370655,23.215404068993656,23.681717549111816,26.375307815353523,26.323679878088598,26.19631140654384,23.14237413282508,25.420209194605622,24.489278502825375,26.298433033328653,high3
Q9CRA4,27.445375106757897,27.784503755283428,27.867440793505594,26.504306686188244,26.96300787864351,27.18385554032396,27.080705970552167,27.077755360814912,27.411025504118193,26.75887951327384,27.589422905139898,26.882736698163086,27.699106551848974,26.883723368385237,27.189828945161754,27.07701303885894,high1
Q9CRT8,25.642815663559077,25.691416815798345,25.825076401443845,25.83202484499722,25.815751301672265,25.771125113078472,25.86003364752632,25.947373863237527,26.210036612868304,26.248293590902925,26.466548377063283,26.504458237744757,25.719769626933754,25.806300419915985,26.00581470787738,26.406433401903655,high3
Q9CX56,27.632701724172147,27.581471389217313,27.756336422467466,27.727867807441708,27.778500594442455,27.40876016823637,27.76167174524421,27.80217988236872,28.204338301760686,28.26396322871584,28.555779153748265,28.599886289239894,27.65683651195231,27.638376190040177,27.922729976457873,28.473209557234668,high3
Q9CY27,27.773164365105256,27.79383397044204,27.83321989348227,26.7169883414739,27.189522063873078,27.23132608116349,27.455992748408114,27.401780026714714,27.033806763254912,26.721037006265373,26.63089809499733,26.93528323110015,27.800072743009853,27.04594549550349,27.297193179459246,26.76240611078762,high1
Q9CZD5,26.15093072713189,26.310392280342896,25.82733165489806,26.147247165932104,26.164651329426807,24.469576366120403,25.928160688895392,23.22939144990736,23.218630446901972,26.21436047942967,22.683293388634173,26.245975076878995,26.09621822079095,25.593824953826438,24.125394195234907,25.047876314980943,high1
Q9CZJ6,25.3513433963411,25.486065331145237,25.46188906400221,22.976730409100078,23.103469399173278,23.088321259329007,25.72179323826284,25.5079093008223,23.77143668907274,24.702468736833886,22.805904816098653,23.402177899677422,25.433099263829515,23.05617368920079,25.000379742719293,23.636850484203322,high1
Q9CZJ9,25.23275378542735,23.89062356256472,24.669741914911782,24.91848003746827,24.97958672970256,25.168673342181993,24.84852284827739,23.979579140974334,24.895874777359936,25.29768092175554,25.615143220976456,25.109008040785938,24.59770642096795,25.022246703117606,24.574658922203884,25.34061072783931,high3
Q9CZR2,26.032798414417154,26.215971653417697,26.270456454773417,25.444395926953316,25.264455486283772,23.112557011336452,25.610992367436772,25.155377227930195,25.202956892638593,25.097279561809106,22.67232394251323,24.511050454436276,26.173075507536094,24.60713614152451,25.323108829335187,24.0935513195862,high1
Q9CZX5,25.31385538731531,24.760910763226978,24.839516753560893,23.11794997500334,24.831759144181103,25.772661114017605,23.414486561158057,24.005470774434265,24.61610681790191,22.673529696294676,23.543688226899828,22.813294809518215,24.971427634701058,24.57412341106735,24.01202138449808,23.01017091090424,high1
Q9D0Y8,27.003459922380802,26.570873097082828,26.706487375881366,22.920245901544195,26.911593869562907,23.105082730645204,23.522186472991592,26.47870988638671,26.944472402554812,23.928918735370146,24.289274140222627,22.51450934377177,26.760273465114995,24.3123075005841,25.648456253977702,23.577567406454847,high1
Q9D1A2,25.921570391863998,25.813771407281944,26.209441763725636,26.012844276333592,26.02424115421066,23.726862253330747,25.28573859534903,26.051090754653647,26.39177051257402,21.823078096476014,22.775822683530983,26.034205706719085,25.98159452095719,25.254649227958335,25.909533287525562,23.5443688289087,high1
Q9D2R6,29.39097969498864,23.767418058674693,29.39075425307309,29.075130355202546,29.18982836605258,29.23292757600535,29.244564939571905,29.294301443651456,23.96778782310222,29.173384923823118,28.628049321144367,28.85406377638781,27.516384002245474,29.165962099086826,27.502218068775193,28.885166007118432,high3
Q9D2V8,26.1895032123839,26.63367197595356,26.371773321499486,24.009004613688845,26.095670981805927,26.395501580196413,26.368479951478452,26.170584652496906,26.004317520884815,23.094181748744102,23.474198977309694,25.905615985242306,26.398316169945648,25.500059058563725,26.18112737495339,24.15799890376537,high1
Q9D394,23.15489837434631,25.67352086681282,25.088612279469753,25.17554224124348,25.78224299612827,25.500938135355945,25.149652240096565,25.49759215450809,25.41473942255405,26.32628848231824,26.166874398739466,26.048889593027162,24.639010506876293,25.486241124242564,25.353994605719567,26.18068415802829,high3
Q9D662,25.234070413436495,25.308449303153765,22.488653911784112,25.670930652465913,25.447520660096664,25.300371833167258,25.506154528405652,23.34328609194643,25.663810629837467,25.932650185049624,26.61090791122759,25.97808145662011,24.34372454279146,25.47294104857661,24.83775041672985,26.173879850965772,high3
Q9D711,25.74993344746695,25.351006333809572,23.805329102766265,23.186936564480018,25.103776031442983,22.482632867195075,25.58135645175383,25.26255713236792,26.24802208269853,25.508241861840748,23.30715661959886,22.327974719144972,24.96875629468093,23.59111515437269,25.697311888940092,23.714457733528192,high1
Q9D7M8,26.744836711090255,26.459811681499094,27.38771760397217,26.743553288675848,26.622963147862258,28.098735789850316,24.44749596475473,26.297593470322177,22.956644115063746,23.24942930854098,24.041753014356935,26.44513826935428,26.864121998853836,27.15508407546281,24.567244516713554,24.578773530750727,high1
Q9D7X3,25.1270736585085,25.449379661334778,25.724475966023565,24.194394894234684,25.84335600814754,25.64270551104297,25.889692037253795,25.79815514368506,25.99459686282168,25.72346076265099,26.42237934279574,26.395583293829063,25.433643095288947,25.226818804475062,25.894148014586847,26.180474466425267,high3
Q9D8B3,26.350095871425783,26.43901438393896,26.962897593504835,25.960888929577955,26.16380719932561,26.85816107937524,25.114538892507426,25.914858635850905,26.05651699600525,25.5922918674382,25.83749704749731,25.920616724018117,26.58400261628986,26.327619069426266,25.695304841454526,25.783468546317874,high1
Q9D8W5,28.74727207267224,28.79389596984216,28.86378332129256,28.793957966577988,28.862246778829473,28.5308863630224,29.009318943589754,29.01006632951823,29.061263725977955,29.434937182758624,29.607684325262593,29.65097450398493,28.80165045460232,28.72903036947662,29.026882999695314,29.564532004002047,high3
Q9D902,24.204473021915373,24.92971893112537,23.73032438553885,22.912578778023146,23.298122182548603,22.285784391985437,24.998346643663194,25.53931313601616,24.856333576015075,23.065444459623965,24.318025667062113,22.875314937711835,24.288172112859865,22.83216178418573,25.131331118564805,23.41959502146597,high1
Q9DAW9,27.88151197465917,27.632701724172147,27.625752312657323,27.708988284840004,28.103946070342452,27.905466794153597,28.026015791024086,27.961021455111144,28.173027440598826,29.03724140973011,28.946537502101297,29.017518970695864,27.713322003829546,27.90613371644535,28.05335489557802,29.00043262750909,high3
Q9DC48,24.570800732573453,24.961992937223688,24.886090612784063,22.42180858314627,24.234472476890275,24.968687181062325,23.705773951417097,23.987539432870804,24.779164671586816,23.642891671507172,23.34684193770049,24.12444992184477,24.8062947608604,23.874989413699623,24.157492685291572,23.704727843684143,high1
Q9DCB1,24.49075443511191,23.943690242036393,25.060645472254805,24.33381322457825,24.026986691707094,24.380535576422286,24.097078587365527,22.934055074275232,24.206799157620537,23.401324332588857,23.29632751104714,22.91677022981118,24.49836338313437,24.247111830902544,23.74597760642043,23.204807357815724,high1
Q9DCT6,23.21099089570955,25.779991208468466,26.038314697508607,25.851194683232787,23.21858355003394,25.35114116827224,25.373218034277055,25.368829604913426,25.684611449064374,25.685173105604168,25.682469799726526,25.52241007996909,25.009765600562208,24.806973133846324,25.475553029418283,25.630017661766598,high3
Q9EP52,26.06929749656506,26.504730990434243,26.348644688530737,26.34124801562,26.50441277394939,26.573721373755532,23.62885469861765,23.923685680421343,26.35252249543722,25.541382618386265,25.604870577164743,25.666278189550013,26.30755772517668,26.473127387774976,24.635020958158737,25.60417712836701,high1
Q9EPK7,24.98841217551612,25.339125268588987,25.3602134839207,25.049803690485874,25.054572523378994,22.950045942306943,25.534631077547896,25.030653330216037,25.246953654402137,24.8774571437302,23.570201965539997,25.44357416662213,25.229250309341936,24.35147405205727,25.270746020722026,24.63041109196411,high1
Q9EQK5,22.94893113365667,24.986720830979156,25.104855937957247,23.07779955636078,25.364928669573523,25.26942235420179,24.590522634616924,25.16652966416368,25.293582502814374,25.47305243337845,26.096173855749075,26.18993673432575,24.346835967531025,24.570716860045366,25.016878267198326,25.91972100781776,high3
Q9EST4,25.05680637421119,25.384625149960613,23.691606047050254,25.714029556810768,25.345704102308627,22.52079955067418,25.535105902101783,25.988433846552073,25.987198077670218,25.600198312234394,25.898091324814793,25.805234144676408,24.71101252374069,24.526844403264523,25.836912608774693,25.767841260575196,high3
Q9ESY9,27.121788332984334,27.47127022803644,27.548925830915497,27.136628679868817,23.083613133883198,23.47847832748701,22.892578176175697,23.27760658119626,27.46832088272511,21.940803492706358,23.821622319567755,23.035809853970058,27.380661463978754,24.566240047079674,24.546168546699022,22.932745222081394,high1
Q9JHI7,25.199666055171424,25.40924589688948,25.34671877475056,25.069563837113712,21.93731292679586,25.567932176200188,25.456885781578624,25.071774613453933,25.444964563877907,25.389097199070978,23.0300812303739,22.608639632260616,25.318543575603822,24.19160298003659,25.324541652970154,23.67593935390183,high1
Q9JHJ3,23.730962258806134,26.50227435786125,23.665258539180662,26.61526502363069,26.316619899964408,26.583194353244817,26.359225021029225,22.26662104683772,26.73982489412331,26.81286610623529,26.482284576884915,26.19932906874698,24.632831718616018,26.505026425613305,25.121890320663415,26.498159917289062,high3
Q9JIS8,24.22044386932806,24.19294893928449,24.463698477416422,23.681424591826772,22.97587697842777,22.887183041607027,23.656362258024686,24.278456736044546,22.33952608992582,22.984259306956773,22.972745767050064,23.99175662727668,24.29236376200966,23.181494870620526,23.42478169466502,23.31625390042784,high1
Q9JJV2,28.154363472192284,23.49262628227871,22.837307322771885,28.156776006267677,28.074900758714406,27.919514679848827,22.910024438164907,22.103244810422236,27.78998479471282,27.896602457444985,28.178119170774817,23.874379995870097,24.828099025747623,28.05039714827697,24.26775134776665,26.649700541363302,high3
Q9JKB3,27.80833106010573,27.559248357421776,27.973501451166346,28.318034662193483,27.729878351778773,27.962842447773852,27.453640016247935,22.40246354019157,27.880753291138863,26.358135251857437,26.25328024372346,26.681639055189866,27.780360289564616,28.003585153915367,25.912285615859457,26.431018183590254,high1
Q9JKP7,26.928748050261795,26.540762085316622,27.764585130135274,27.71338724916653,26.55265338586319,26.97836517889793,26.491335679742313,26.59704661695042,23.30151480608043,26.888902816752225,23.817707990079324,26.692188730396623,27.078031755237898,27.081468604642552,25.46329903425772,25.799599845742723,high1
Q9JKV1,25.23899709451642,25.700811364464712,25.77170445304733,25.55514283680978,25.809999653392737,25.70062618820111,25.824590939752444,26.100330931413133,25.997937658531924,26.60978135574554,26.91718284417762,26.725724467200582,25.57050430400949,25.688589559467875,25.97428650989917,26.75089622237458,high3
Q9JKW0,29.22676352520483,29.512524286664323,23.28623559273358,28.923260467661137,29.313176407881958,29.311834808725177,23.670241670104172,23.19817419445285,29.285377029798717,29.06922578109239,29.339346179860307,29.175599344888557,27.34184113486758,29.182757228089425,25.384597631451914,29.194723768613752,high3
Q9JLB2,25.835209443781878,25.207544043552456,25.834775594026937,25.46970316886576,25.81777726768284,23.370653536385397,25.302046748386527,23.84865786403536,23.301086741566422,23.055976118015142,25.386895789628735,25.474229031536847,25.625843027120425,24.886044657644664,24.150597117996103,24.639033646393575,high1
Q9QYI3,27.611611561946745,27.636094754462693,27.43777695863092,27.743681682307482,27.884892017907138,27.41175289302288,27.89544723854922,27.949546135778682,27.77868857181998,28.689991681754503,28.756559121961516,28.69398383033577,27.561827758346784,27.6801088644125,27.87456064871596,28.71351154468393,high3
Q9QYJ3,28.196058085699814,28.300773292103113,28.239725544438937,28.08942073846591,28.36135188983268,28.095469783138718,28.213637644522304,28.373682691743397,28.444624988227574,29.468243186893933,29.517638964950223,29.408476750981933,28.24551897408062,28.182080803812436,28.343981774831093,29.464786300942027,high3
Q9QZ06,26.254163756414766,26.324881794929265,26.207264756395915,26.63034267822786,26.30213393030115,26.33316490664828,26.25781827016163,26.35211834144049,26.61428230911926,27.087095196669274,27.018394787026246,26.985982957241482,26.262103435913314,26.421880505059097,26.408072973573795,27.030490980312333,high3
Q9QZH3,23.988740554599655,22.77771182922194,23.42502737367691,24.85114701525965,23.503904525306005,26.047621362722854,23.438842957363843,21.521640336796878,25.048764898487473,25.38804619867599,24.955932578438343,24.785913374290445,23.39715991916617,24.800890967762836,23.336416064216067,25.04329738380159,high3
Q9QZM0,25.97018033608862,26.433883257002528,26.53978642234563,26.860649404566757,26.58935146514182,26.71450127414501,26.472231342684573,26.70740926785543,26.565145088139502,28.589422905139898,28.839420641170136,28.693950608034566,26.31461667181226,26.72150071461786,26.581595232893168,28.7075980514482,high3
Q9QZS8,24.01456898622006,23.2935682387317,22.059801936522437,22.915246451519366,23.71221294019662,24.22136688340011,22.50132227799212,23.06338406850206,23.457721810781802,23.935890175274267,24.43383551383626,24.54722027411647,23.122646387158067,23.616275425038697,23.00747605242533,24.305648654408998,high3
Q9R087,26.61048555600401,26.63436461365513,26.42468747583207,26.414771675603777,22.851116156264265,26.37326782616444,26.09679717610173,21.918615061357915,26.340586053708392,26.343452364269577,23.861361626718633,23.249041463740593,26.55651254849707,25.213051886010827,24.78533276372268,24.484618484909603,high1
Q9R0N0,27.2395434664377,27.90964976751333,27.968126849268522,27.633325532362125,27.673237788518804,27.857805253737503,27.49403997458547,28.081874370973093,28.20457151736406,28.050405847303878,28.42025227273473,28.509677041192955,27.70577336107318,27.721456191539477,27.926828620974206,28.326778387077187,high3
Q9R0N3,24.906327299800253,22.844396802413993,24.115265418643975,24.971584248172054,22.369782492674165,24.87511487766892,24.983549641735113,23.890238220012538,22.95579182438338,25.344790286550673,25.46849179882646,25.641879098982894,23.955329840286073,24.072160539505045,23.943193228710342,25.485053728120008,high3
Q9R1P1,29.373496016996096,29.58523770404002,29.457696083208965,29.738408151122364,29.958921703254262,29.475354416447395,29.6530095883945,30.02722931481939,30.261477000706883,30.324207986310473,30.542685607611123,30.351002120029552,29.47214326808169,29.724228090274675,29.98057196797359,30.405965237983718,high3
Q9WTK3,25.641658642459877,25.228209514007656,25.64504444437888,23.600411479182263,25.15942514238467,25.53379975835415,25.367630440164007,25.26960070029388,22.867216362766758,22.88043105325719,23.160251702019842,25.039507465819106,25.504970866948806,24.764545459973693,24.50148250107488,23.693396740365376,high1
Q9WU62,27.23306476430672,26.50786394565237,26.927731312005236,27.588922750847875,26.42164124361734,26.83749704749731,26.328943723740274,25.951203773144197,25.76996573474035,26.29326675704454,25.05759153687832,25.655181735933994,26.889553340654775,26.949353680654173,26.016704410541607,25.668680009952283,high1
Q9WVJ2,27.552374886039853,27.6726984380603,27.8300792658709,27.709974293563352,27.757354196788967,27.42189801659881,27.872322616798975,27.877363526064233,28.214703236052323,28.216554566120482,28.360933462659325,28.326159878858803,27.68505086332368,27.62974216898371,27.988129792971847,28.301215969212873,high3
Q9WVL2,25.252486424057594,25.91093088207494,25.943667888360878,24.865707599678146,25.177824625900637,25.481083729370948,25.26280800157366,25.815018324227513,22.71716488756402,25.262126969354977,25.617284505314824,23.20207373894723,25.702361731497803,25.174871984983245,24.598330404455066,24.69382840453901,high1
Q9WVM1,27.321823525646042,26.991615952994113,26.68150501932403,26.757735677124597,26.415996757499823,26.014739379569615,27.37947831806625,26.400445087234537,26.37328442307836,27.010093014713252,24.533204663570448,26.15259493631562,26.998314832654728,26.39615727139801,26.717735942793052,25.898630871533104,high1
Q9Z0F8,25.839180332176348,25.248764084115788,25.22600552370114,23.12064283297891,25.736086839212245,24.741360886452345,25.134103833235358,23.636104822559705,24.969346116433414,23.468340894153258,23.434043659814286,23.53469676260402,25.43798331333109,24.532696852881163,24.579851590742823,23.479027105523855,high1
Q9Z0S9,23.079472286315536,26.373649506886967,26.20428232440568,26.268869341165033,22.713447403058467,26.504821896539493,23.0461197454628,26.752130497288015,26.406637234836474,27.025276624289805,26.97026812062976,26.98956029208335,25.219134705869394,25.162379546921,25.40162915919576,26.99503501233431,high3
Q9Z108,26.27763901010934,23.103616584009266,25.75745593474189,25.490540233308916,25.976465358464047,22.158246766986057,26.138543831239232,25.954868284258538,25.47969689290976,25.810784206489846,25.613383241117887,25.658372544878915,25.046237176286834,24.541750786253004,25.85770300280251,25.69417999749555,high3
ZZZZZ2,29.278104463533747,29.97035041378621,30.498288605811325,34.183938337250204,34.446529132654355,34.3544874483043,34.139802927663965,33.95558275063706,34.1058701137918,37.62118442048158,37.84490213185477,37.90662163625193,29.91558116104376,34.32831830606962,34.06708526403094,37.79090272952943,high3
